company,location,industry,total_laid_off,percentage_laid_off,date,stage,country,funds_raised_millions,row_num
"Included Health","SF Bay Area",Healthcare,NULL,0.06,2022-07-25,"Series E","United States",272,1
&Open,Dublin,Marketing,9,0.09,2022-11-17,"Series A",Ireland,35,1
#Paid,Toronto,Marketing,19,0.17,2023-01-27,"Series B",Canada,21,1
"100 Thieves","Los Angeles",Consumer,12,NULL,2022-07-13,"Series C","United States",120,1
"10X Genomics","SF Bay Area",Healthcare,100,0.08,2022-08-04,Post-IPO,"United States",242,1
1stdibs,"New York City",Retail,70,0.17,2020-04-02,"Series D","United States",253,1
2TM,"Sao Paulo",Crypto,90,0.12,2022-06-01,Unknown,Brazil,250,1
2TM,"Sao Paulo",Crypto,100,0.15,2022-09-01,Unknown,Brazil,250,1
2U,"Washington D.C.",Education,NULL,0.2,2022-07-28,Post-IPO,"United States",426,1
54gene,"Washington D.C.",Healthcare,95,0.3,2022-08-29,"Series B","United States",44,1
"5B Solar",Sydney,Energy,NULL,0.25,2022-06-03,"Series A",Australia,12,1
6sense,"SF Bay Area",Sales,150,0.1,2022-10-12,"Series E","United States",426,1
"80 Acres Farms",Cincinnati,Food,NULL,0.1,2023-01-18,Unknown,"United States",275,1
8x8,"SF Bay Area",Support,155,0.07,2023-01-18,Post-IPO,"United States",253,1
8x8,"SF Bay Area",Support,200,0.09,2022-10-04,Post-IPO,"United States",253,1
98point6,Seattle,Healthcare,NULL,0.1,2022-07-21,"Series E","United States",247,1
99,"Sao Paulo",Transportation,75,0.02,2022-09-20,Acquired,Brazil,244,1
Abra,"SF Bay Area",Crypto,12,0.05,2022-06-30,"Series C","United States",106,1
Absci,Vancouver,Healthcare,40,NULL,2022-08-09,Post-IPO,"United States",237,1
Acast,Stockholm,Media,70,0.15,2022-09-15,Post-IPO,Sweden,126,1
Acko,Mumbai,Finance,45,0.09,2020-04-01,Unknown,India,143,1
Acorns,Portland,Finance,50,NULL,2020-05-26,Unknown,"United States",207,1
Actifio,Boston,Data,54,NULL,2020-12-16,Acquired,"United States",352,1
ActiveCampaign,Chicago,Marketing,NULL,0.15,2022-10-03,"Series C","United States",360,1
Ada,Toronto,Support,78,0.16,2022-09-20,"Series C",Canada,190,1
"Ada Health",Berlin,Healthcare,50,NULL,2022-10-17,"Series B",Germany,189,1
"Ada Support",Toronto,Support,36,0.23,2020-04-24,"Series B",Canada,60,1
"Adaptive Biotechnologies",Seattle,Healthcare,100,0.12,2022-03-08,Post-IPO,"United States",406,1
Addepar,"SF Bay Area",Finance,20,0.03,2023-01-18,"Series F","United States",491,1
Adobe,"SF Bay Area",Marketing,100,NULL,2022-12-06,Post-IPO,"United States",2,1
AdRoll,"Salt Lake City",Marketing,210,0.3,2020-03-31,"Series C","United States",89,1
Advata,Seattle,Healthcare,32,0.21,2022-10-28,NULL,"United States",NULL,1
Adwerx,Durham,Marketing,40,NULL,2022-07-07,Unknown,"United States",20,1
Affirm,"SF Bay Area",Finance,NULL,0.01,2022-11-03,Post-IPO,"United States",1500,1
Affirm,"SF Bay Area",Finance,500,0.19,2023-02-08,Post-IPO,"United States",1500,1
Afterverse,Brasilia,Consumer,60,0.2,2022-06-03,Unknown,Brazil,NULL,1
Agoda,Singapore,Travel,1500,0.25,2020-05-18,Acquired,Singapore,NULL,1
Ahead,"SF Bay Area",Healthcare,44,1,2022-04-14,Unknown,"United States",9,1
Air,"New York City",Marketing,NULL,0.16,2020-09-16,"Series A","United States",18,1
Airbnb,"SF Bay Area",Travel,30,NULL,2023-03-03,Post-IPO,"United States",6400,1
Airbnb,"SF Bay Area",Travel,1900,0.25,2020-05-05,"Private Equity","United States",5400,1
Airlift,Lahore,Logistics,NULL,0.31,2022-05-25,"Series B",Pakistan,109,1
Airlift,Lahore,Logistics,NULL,1,2022-07-12,"Series B",Pakistan,109,1
Airtable,"SF Bay Area",Product,254,0.2,2022-12-08,"Series F","United States",1400,1
Airtame,Copenhagen,Consumer,15,NULL,2022-06-15,Unknown,Denmark,7,1
Airtime,"New York City",Consumer,30,0.2,2022-05-23,"Series B","United States",33,1
"Airy Rooms",Jakarta,Travel,NULL,0.7,2020-04-22,Unknown,Indonesia,NULL,1
"Airy Rooms",Jakarta,Travel,NULL,1,2020-05-07,Unknown,Indonesia,NULL,1
Aiven,Helsinki,Infrastructure,NULL,0.2,2023-01-18,"Series D",Finland,420,1
Ajaib,Jakarta,Finance,67,0.08,2022-11-28,Unknown,Indonesia,245,1
"Akili Labs",Baltimore,Healthcare,46,0.3,2023-01-12,Seed,"United States",NULL,1
Akulaku,Jakarta,Finance,100,NULL,2020-04-15,"Series D",Indonesia,160,1
AlayaCare,Montreal,Healthcare,80,0.14,2022-08-16,"Series D",Canada,293,1
Albert,"Los Angeles",Finance,20,0.08,2022-06-10,"Series C","United States",175,1
Alerzo,Ibadan,Retail,400,NULL,2023-03-06,"Series B",Nigeria,16,1
Alice,"Sao Paulo",Healthcare,63,NULL,2022-07-11,"Series C",Brazil,174,1
Alice,"Sao Paulo",Healthcare,113,0.16,2022-12-09,"Series C",Brazil,174,1
"AliExpress Russia",Moscow,Retail,400,0.4,2022-05-14,Acquired,Russia,60,1
Allbirds,"SF Bay Area",Retail,23,NULL,2022-07-28,Post-IPO,"United States",202,1
"Alto Pharmacy","SF Bay Area",Healthcare,47,0.06,2020-09-29,"Series D","United States",356,1
Amazon,Seattle,Retail,150,NULL,2022-10-28,Post-IPO,"United States",108,1
Amazon,Seattle,Retail,8000,0.02,2023-01-04,Post-IPO,"United States",108,1
Amazon,Seattle,Retail,10000,0.03,2022-11-16,Post-IPO,"United States",108,1
"Amber Group","Hong Kong",Crypto,NULL,0.1,2022-09-09,"Series B","Hong Kong",328,1
"Ambev Tech",Blumenau,Food,50,NULL,2023-03-02,Acquired,Brazil,NULL,1
Amdocs,"St. Louis",Support,700,0.03,2023-01-02,Post-IPO,"United States",NULL,1
"American Robotics",Boston,Other,50,0.65,2023-01-17,Acquired,"United States",92,1
Amount,Chicago,Finance,NULL,0.18,2022-06-27,Unknown,"United States",283,1
Amount,Chicago,Finance,130,0.25,2023-02-27,Unknown,"United States",283,1
Amperity,Seattle,Marketing,13,0.03,2022-08-20,"Series D","United States",187,1
Amplero,Seattle,Marketing,17,1,2020-03-29,"Series B","United States",25,1
Anagram,"Los Angeles",Healthcare,17,NULL,2020-04-03,"Series A","United States",14,1
Andela,"New York City",Recruiting,135,0.1,2020-05-05,"Series D","United States",181,1
AngelList,"SF Bay Area",Recruiting,20,NULL,2020-03-31,"Series B","United States",26,1
Anodot,"Tel Aviv",Data,35,0.27,2022-07-06,"Series C","United States",64,1
"Antidote Health","Tel Aviv",Healthcare,23,0.38,2022-10-23,Unknown,Israel,36,1
Anywell,"Tel Aviv","Real Estate",11,NULL,2022-08-14,"Series A",Israel,15,1
"Apartment List","SF Bay Area","Real Estate",29,0.1,2022-08-31,"Series D","United States",169,1
Apollo,"SF Bay Area",Product,NULL,0.15,2022-12-15,"Series D","United States",183,1
"Apollo Insurance",Vancouver,Finance,NULL,0.25,2022-11-15,"Series B",Canada,11,1
"App Annie","SF Bay Area",Data,80,0.18,2020-04-28,Unknown,"United States",156,1
Appgate,Miami,Security,34,0.08,2023-02-01,Post-IPO,"United States",NULL,1
AppGate,Miami,Security,130,0.22,2022-07-21,Post-IPO,"United States",NULL,1
AppLovin,"SF Bay Area",Marketing,300,0.12,2022-06-27,Post-IPO,"United States",1600,1
ApplyBoard,Waterloo,Education,90,0.06,2022-11-28,"Series D",Canada,483,1
Aqgromalin,Chennai,Food,80,0.3,2022-06-20,Unknown,India,12,1
"Aqua Security",Boston,Security,65,0.1,2022-12-05,"Series E","United States",265,1
"Aqua Security","Tel Aviv",Security,24,0.09,2020-04-01,"Series C",Israel,100,1
Arc,"SF Bay Area",HR,13,NULL,2022-07-20,Seed,"United States",1,1
"Arch Oncology",Brisbane,Healthcare,NULL,1,2023-01-13,"Series C","United States",155,1
"Argo AI",Munich,Transportation,100,NULL,2020-06-29,Unknown,Germany,3600,1
"Argo AI",Pittsburgh,Transportation,150,0.05,2022-07-07,Unknown,"United States",3600,1
"Argo AI",Pittsburgh,Transportation,173,NULL,2022-10-26,Unknown,"United States",3600,1
"Argo AI","SF Bay Area",Transportation,259,NULL,2022-11-01,Unknown,"United States",3600,1
Argyle,"New York City",Finance,20,0.07,2022-08-26,"Series B","United States",78,1
Armis,"SF Bay Area",Security,25,0.04,2022-12-08,"Private Equity","United States",537,1
Arrival,London,Transportation,NULL,0.3,2022-07-13,Post-IPO,"United Kingdom",629,1
Arrival,London,Transportation,800,0.5,2023-01-30,Post-IPO,"United Kingdom",629,1
"Arrive Logistics",Austin,Logistics,75,0.07,2020-04-03,"Series B","United States",35,1
Article,Vancouver,Retail,216,0.17,2022-08-04,"Series B",Canada,NULL,1
Articulate,"New York City",Education,38,NULL,2023-02-02,"Series A","United States",1500,1
Artnight,Berlin,Retail,26,0.36,2022-08-31,Unknown,Germany,NULL,1
Asana,"SF Bay Area",Other,180,0.09,2022-11-15,Post-IPO,"United States",453,1
Aspire,"SF Bay Area",Marketing,23,NULL,2022-07-15,"Series A","United States",27,1
Assure,"Salt Lake City",Finance,NULL,1,2022-11-23,Seed,"United States",2,1
Astra,"SF Bay Area",Aerospace,NULL,0.16,2022-11-08,Post-IPO,"United States",300,1
Astra,"SF Bay Area",Aerospace,40,0.25,2020-04-05,Unknown,"United States",100,1
Astronomer,Cincinnati,Data,76,0.2,2023-01-04,"Series C","United States",282,1
"Atlanta Tech Village",Atlanta,"Real Estate",NULL,0.5,2020-04-02,Unknown,"United States",NULL,1
"Atlas Obscura","New York City",Media,15,NULL,2020-06-18,"Series B","United States",32,1
Atlassian,Sydney,Other,500,0.05,2023-03-06,Post-IPO,Australia,210,1
AtoB,"SF Bay Area",Finance,32,0.3,2022-10-19,"Series B","United States",177,1
Atsu,Seattle,Infrastructure,6,1,2020-04-10,Unknown,"United States",1,1
Attentive,"New York City",Marketing,NULL,0.15,2023-01-05,"Series E","United States",863,1
AU10TIX,"Tel Aviv",Security,19,0.09,2023-01-31,Unknown,Israel,80,1
Augury,"New York City",Manufacturing,20,0.05,2023-01-04,"Series E","United States",274,1
Aura,Boston,Security,70,0.09,2022-06-23,"Series F","United States",500,1
"Aura Financial","SF Bay Area",Finance,NULL,1,2021-01-11,Unknown,"United States",584,1
Autodesk,"SF Bay Area",Other,250,0.02,2023-02-02,Post-IPO,"United States",NULL,1
Automatic,"SF Bay Area",Transportation,NULL,1,2020-05-01,Acquired,"United States",24,1
"Automation Anywhere","SF Bay Area",Other,260,0.1,2020-04-27,"Series B","United States",840,1
Automox,Boulder,Infrastructure,NULL,0.11,2022-04-18,"Series C","United States",152,1
"Avantage Entertainment",Minneapolis,Media,5,0.2,2020-04-03,Unknown,"United States",NULL,1
AvantStay,"Los Angeles",Travel,80,NULL,2022-06-29,Unknown,"United States",811,1
AvantStay,"Los Angeles",Travel,144,0.22,2022-11-09,"Private Equity","United States",686,1
Avast,Phoenix,Security,NULL,0.25,2022-11-10,Unknown,"United States",NULL,1
Avo,"Tel Aviv",Food,500,0.67,2022-05-01,"Series B",Israel,45,1
Away,"New York City",Retail,60,0.1,2020-04-07,"Series D","United States",181,1
Awok,Dubai,Retail,NULL,1,2020-09-02,"Series A","United Arab Emirates",30,1
Aya,Toronto,Finance,5,0.25,2020-11-19,Seed,"United States",3,1
B8ta,"SF Bay Area",Retail,250,0.5,2020-03-26,"Series C","United States",88,1
Babylon,London,Healthcare,100,NULL,2022-07-12,Post-IPO,"United Kingdom",1100,1
"Back Market",Paris,Retail,93,0.13,2022-12-23,"Series E",France,1000,1
Bakkt,Atlanta,Crypto,NULL,0.15,2022-12-08,Post-IPO,"United States",932,1
"Bally's Interactive",Providence,NULL,NULL,0.15,2023-01-18,Post-IPO,"United States",946,1
Balto,"St. Louis",Sales,30,NULL,2022-06-22,"Series B","United States",51,1
Balto,"St. Louis",Sales,35,NULL,2022-12-12,"Series B","United States",51,1
"Bamboo Health",Louisville,Healthcare,52,NULL,2022-07-01,Unknown,"United States",NULL,1
Banxa,Melbourne,Crypto,70,0.3,2022-06-27,Post-IPO,Australia,13,1
Baraja,Sydney,Transportation,NULL,0.75,2023-02-08,Unknown,Australia,63,1
Bark,"New York City",Retail,126,0.12,2023-02-09,Post-IPO,"United States",NULL,1
Baton,"SF Bay Area",Transportation,16,0.25,2022-06-29,"Series A","United States",13,1
"Beam Benefits",Columbus,Healthcare,31,0.08,2023-02-08,"Series E","United States",168,1
Beamery,London,HR,NULL,0.12,2023-01-10,"Series D","United States",223,1
BeeTech,"Sao Paulo",Finance,30,NULL,2020-04-10,"Series B",Brazil,14,1
Bench,Vancouver,Finance,47,0.1,2020-03-27,"Series B",Canada,49,1
Benevity,Calgary,Other,137,0.14,2023-01-18,Unknown,Canada,69,1
"Benitago Group","New York City",Retail,NULL,0.14,2022-11-04,"Series A","United States",380,1
"Berkeley Lights","SF Bay Area",Healthcare,NULL,0.12,2022-08-09,Post-IPO,"United States",272,1
"Berlin Brands Group",Berlin,Retail,100,0.1,2022-06-10,Unknown,Germany,1000,1
Bestow,Dallas,Finance,41,0.14,2022-06-24,"Series C","United States",137,1
Better.com,"New York City","Real Estate",900,0.09,2021-12-01,Unknown,"United States",905,1
Better.com,"New York City","Real Estate",3000,0.33,2022-03-08,Unknown,"United States",905,1
Betterfly,Santiago,Healthcare,NULL,0.3,2023-01-18,"Series C",Chile,204,1
Betterfly,Santiago,Healthcare,30,NULL,2022-08-11,"Series C",Chile,204,1
Betterment,"New York City",Finance,28,NULL,2023-02-15,"Series F","United States",435,1
Bevi,Boston,Food,30,0.2,2020-03-27,"Series C","United States",60,1
"Beyond Meat","Los Angeles",Food,40,NULL,2022-08-03,Post-IPO,"United States",122,1
"Beyond Meat","Los Angeles",Food,200,0.19,2022-10-14,Post-IPO,"United States",122,1
BeyondMinds,"Tel Aviv",Data,65,1,2022-05-23,"Series A",Israel,16,1
BharatAgri,Mumbai,Food,40,0.43,2023-01-15,"Series A",India,21,1
"Big Fish Games",Seattle,Media,250,NULL,2020-09-01,Acquired,"United States",95,1
BigBear.ai,Baltimore,Data,NULL,0.07,2022-09-08,Post-IPO,"United States",200,1
BigCommerce,Austin,Retail,180,0.13,2022-12-15,Post-IPO,"United States",224,1
Bilibili,Shanghai,Media,NULL,0.3,2022-12-27,Post-IPO,China,3700,1
BioMarin,"SF Bay Area",Healthcare,120,0.04,2022-10-07,Post-IPO,"United States",585,1
Bird,"Los Angeles",Transportation,138,0.23,2022-06-07,Post-IPO,"United States",783,1
Bird,"Los Angeles",Transportation,406,0.3,2020-03-27,"Series D","United States",623,1
Bitfront,"SF Bay Area",Crypto,NULL,1,2022-11-29,Unknown,"United States",NULL,1
BitGo,"SF Bay Area",Crypto,NULL,0.12,2020-04-17,"Series B","United States",69,1
BitMEX,Non-U.S.,Crypto,NULL,0.3,2022-11-02,Seed,Seychelles,0,1
BitMEX,Non-U.S.,Crypto,75,0.25,2022-04-04,Seed,Seychelles,0,1
BitOasis,Dubai,Crypto,9,0.05,2022-06-19,"Series B","United Arab Emirates",30,1
Bitpanda,Vienna,Crypto,270,0.27,2022-06-24,"Series C",Austria,546,1
Bitrise,Budapest,Infrastructure,NULL,0.14,2022-09-14,"Series C",Hungary,83,1
BitSight,"Tel Aviv",Security,40,NULL,2023-02-26,Unknown,Israel,401,1
Bitso,"Mexico City",Crypto,80,0.11,2022-05-26,"Series C",Mexico,378,1
Bitso,"Mexico City",Crypto,100,NULL,2022-11-29,"Series C",Mexico,378,1
BitTitan,Seattle,Data,70,0.27,2021-11-18,Acquired,"United States",46,1
BitTorrent,"SF Bay Area",Infrastructure,92,NULL,2023-01-20,Acquired,"United States",NULL,1
Bittrex,Seattle,Crypto,80,NULL,2023-02-02,Unknown,"United States",NULL,1
Bizongo,Mumbai,Logistics,140,NULL,2020-07-10,"Series C",India,70,1
Bizpay,Sydney,Finance,NULL,0.3,2022-05-04,Unknown,Australia,45,1
Bizzabo,"New York City",Marketing,100,0.37,2022-12-01,"Series E","United States",194,1
Bizzabo,"New York City",Marketing,120,0.3,2022-07-05,"Series E","United States",194,1
"Black Shark",Shenzen,Hardware,900,NULL,2023-01-13,Unknown,China,NULL,1
Blackbaud,Charleston,Other,500,0.14,NULL,Post-IPO,"United States",NULL,1
BlackBuck,Bengaluru,Logistics,200,NULL,2020-04-17,"Series D",India,293,1
BlackLine,"Los Angeles",Finance,95,0.05,2022-12-08,"Private Equity","United States",220,1
"Bleacher Report",London,Media,20,NULL,2020-09-11,Acquired,"United Kingdom",41,1
Blend,"SF Bay Area",Finance,100,0.06,2022-11-10,Post-IPO,"United States",665,1
Blend,"SF Bay Area",Finance,200,0.1,2022-04-19,Post-IPO,"United States",665,1
Blend,"SF Bay Area",Finance,220,0.12,2022-08-15,Post-IPO,"United States",665,1
Blend,"SF Bay Area",Finance,340,0.28,2023-01-10,Post-IPO,"United States",665,1
Blockchain.com,London,Crypto,110,0.28,2023-01-12,"Series D","United Kingdom",490,1
Blockchain.com,London,Crypto,150,0.25,2022-07-21,"Series D","United Kingdom",490,1
BlockFi,"New York City",Crypto,NULL,1,2022-11-28,"Series E","United States",1000,1
BlockFi,"New York City",Crypto,250,0.2,2022-06-13,"Series E","United States",1000,1
BloomTech,"SF Bay Area",Education,88,0.5,2022-12-01,Unknown,"United States",NULL,1
"Blue Apron","New York City",Food,NULL,0.1,2022-12-08,Post-IPO,"United States",352,1
Blueground,"New York City","Real Estate",130,0.25,2020-03-27,"Series B","United States",77,1
BlueStacks,"SF Bay Area",Other,60,NULL,2022-07-20,"Series C","United States",48,1
"Blume Global","SF Bay Area",Logistics,30,0.1,2020-03-30,Unknown,"United States",NULL,1
Bluprint,Denver,Education,137,1,2020-05-26,Acquired,"United States",108,1
"BM Technologies",Philadelphia,Finance,NULL,0.25,2023-01-30,Post-IPO,"United States",NULL,1
Bolt,Lagos,Transportation,17,NULL,2023-02-21,"Series F",Nigeria,NULL,1
Bolt,"SF Bay Area",Finance,50,0.1,2023-01-24,"Series E","United States",1300,1
Bolt,"SF Bay Area",Finance,240,0.27,2022-05-25,"Series E","United States",1300,1
Bonsai,Toronto,Retail,29,0.34,2022-04-26,"Series A",Canada,27,1
Bonsai,Toronto,Retail,30,0.55,2022-06-20,"Series A",Canada,27,1
Bonterra,Austin,Other,140,0.1,2023-01-13,Unknown,"United States",NULL,1
BookClub,"Salt Lake City",Education,12,0.25,2022-05-31,"Series A","United States",26,1
Booking.com,Amsterdam,Travel,4375,0.25,2020-07-30,Acquired,Netherlands,NULL,1
Booking.com,"Grand Rapids",Travel,226,NULL,2022-11-01,Acquired,"United States",NULL,1
BookMyShow,Mumbai,Consumer,270,0.18,2020-05-28,Unknown,India,224,1
Booksy,"SF Bay Area",Consumer,200,NULL,2020-04-01,"Series B","United States",48,1
Booktopia,Sydney,Retail,30,NULL,2023-01-23,"Series A",Australia,23,1
"Boosted Commerce","Los Angeles",Retail,NULL,0.05,2022-07-22,"Series B","United States",137,1
Boozt,Malmo,Retail,70,0.05,2022-06-09,Post-IPO,Sweden,56,1
Borrowell,Toronto,Finance,15,0.2,2020-04-06,"Series B",Canada,72,1
"Bossa Nova","SF Bay Area",Retail,NULL,0.5,2020-11-02,Unknown,"United States",102,1
"Bossa Nova","SF Bay Area",Retail,61,NULL,2020-06-29,Unknown,"United States",102,1
Bounce,Bengaluru,Transportation,40,0.05,2023-01-06,"Series D",India,214,1
Bounce,Bengaluru,Transportation,120,NULL,2020-03-19,"Series D",India,214,1
Bounce,Bengaluru,Transportation,130,0.22,2020-06-29,"Series D",India,214,1
Bounce,Bengaluru,Transportation,200,0.4,2021-02-22,"Series D",India,214,1
BounceX,"New York City",Marketing,77,0.2,2020-04-06,"Series B","United States",75,1
Brainly,Krakow,Education,25,NULL,2022-11-06,"Series D",Poland,148,1
Branch,"New York City",Retail,3,0.27,2020-06-11,Seed,"United States",2,1
"Branch Metrics","SF Bay Area",Marketing,100,0.2,2020-04-07,"Series E","United States",367,1
"Brave Care",Portland,Healthcare,40,0.33,2022-09-06,"Series B","United States",42,1
Breathe,"New Delhi",Healthcare,50,0.33,2022-06-14,"Series A",India,6,1
Breather,Montreal,"Real Estate",120,0.8,2020-12-16,"Series D",Canada,131,1
Brex,"SF Bay Area",Finance,62,0.15,2020-05-29,"Series C","United States",732,1
Brex,"SF Bay Area",Finance,136,0.11,2022-10-11,"Series D","United States",1500,1
"Bridge Connector",Nashville,Healthcare,154,1,2020-11-17,"Series B","United States",45,1
Bridgit,Waterloo,Construction,13,0.13,2022-12-06,"Series B",Canada,36,1
"Bright Machines","SF Bay Area",Data,30,0.08,2022-06-28,Unknown,Israel,250,1
"Bright Money",Bengaluru,Finance,100,0.5,2022-07-15,"Series A",India,31,1
Brighte,Sydney,Energy,30,0.15,2022-06-20,"Series C",Australia,145,1
Brighte,Sydney,Energy,58,NULL,2022-09-09,"Series C",Australia,145,1
Brightline,"SF Bay Area",Healthcare,NULL,0.2,2022-11-01,"Series C","United States",212,1
Bringg,"Tel Aviv",Logistics,10,0.1,2020-04-21,"Series D",Israel,84,1
Britishvolt,London,Transportation,206,1,2023-01-17,Unknown,"United Kingdom",2400,1
Briza,Toronto,Finance,26,0.4,2022-12-20,"Series A",Canada,10,1
Brodmann17,"Tel Aviv",Other,NULL,1,2022-12-09,"Series A",Israel,25,1
Bryter,Berlin,Product,100,0.3,2022-07-13,"Series B",Germany,89,1
Buenbit,"Buenos Aires",Crypto,80,0.45,2022-05-23,"Series A",Argentina,11,1
Builder,"Los Angeles",Product,39,0.14,2020-06-04,"Series A","United States",29,1
"Built In",Chicago,Recruiting,28,NULL,2020-04-10,"Series C","United States",29,1
"Built In",Chicago,Recruiting,50,0.25,2022-10-05,"Series C","United States",29,1
Bullhorn,Boston,Sales,100,NULL,2020-04-30,Acquired,"United States",32,1
Bullish,"Hong Kong",Crypto,30,0.08,2022-07-05,Unknown,"Hong Kong",300,1
Bungalow,"SF Bay Area","Real Estate",70,NULL,2022-06-22,"Series C","United States",171,1
BusBud,Montreal,Transportation,23,0.32,2020-04-06,"Series B",Canada,21,1
Buser,"Sao Paulo",Transportation,160,0.3,2022-12-08,"Series C",Brazil,138,1
"Bustle Digital Group","New York City",Media,NULL,0.08,2023-02-01,"Series E","United States",80,1
"Bustle Digital Group","New York City",Media,19,NULL,2020-04-03,"Series E","United States",80,1
"Bustle Digital Group","New York City",Media,24,0.08,2020-04-03,"Series E","United States",80,1
"Butler Hospitality","New York City",Food,1000,1,2022-07-08,"Series B","United States",50,1
"Butterfly Network",Boston,Healthcare,NULL,0.25,2023-01-04,Post-IPO,"United States",530,1
"Butterfly Network","New Haven",Healthcare,NULL,0.1,2022-08-02,Post-IPO,"United States",530,1
Button,"New York City",Marketing,48,0.35,2020-04-08,"Series C","United States",64,1
"Buy.com / Rakuten","SF Bay Area",Retail,87,1,2020-07-30,Acquired,"United States",42,1
Buzzer,"New York City",Media,NULL,0.2,2022-06-20,Unknown,"United States",32,1
BuzzFeed,"New York City",Media,180,0.12,2022-12-06,Post-IPO,"United States",696,1
BVAccel,"San Diego",Marketing,25,0.25,2020-04-08,Unknown,"United States",NULL,1
Bybit,Singapore,Crypto,NULL,0.3,2022-12-03,Unknown,Singapore,NULL,1
Bybit,Singapore,Crypto,600,0.3,2022-06-20,Unknown,Singapore,NULL,1
Byju's,Bengaluru,Education,1500,NULL,2023-02-02,"Private Equity",India,5500,1
Byju's,Bengaluru,Education,2500,0.05,2022-10-12,"Private Equity",India,5500,1
Bytedance,Mumbai,Consumer,1800,NULL,2021-01-27,Unknown,India,7400,1
ByteDance,Shanghai,Consumer,NULL,0.1,2023-01-03,Unknown,China,9400,1
Bytedance,Shanghai,Consumer,150,NULL,2022-06-17,Unknown,China,9400,1
Bytedance,Shanghai,Consumer,1800,NULL,2021-08-05,Unknown,China,9400,1
C2FO,"Kansas City",Finance,20,0.02,2022-12-09,"Series H","United States",537,1
"C6 Bank","Sao Paulo",Finance,60,0.06,2020-04-06,Unknown,Brazil,NULL,1
Cabin,"SF Bay Area",Travel,NULL,0.2,2020-03-23,Seed,"United States",3,1
Cadre,"New York City","Real Estate",28,0.25,2020-05-11,"Series C","United States",133,1
Calibrate,"New York City",Healthcare,156,0.24,2022-07-08,"Series B","United States",127,1
Caliva,"SF Bay Area",Retail,20,NULL,2020-03-30,"Series A","United States",75,1
"Callisto Media","SF Bay Area",Media,NULL,0.35,2022-10-25,"Series D","United States",NULL,1
"Callisto Media","SF Bay Area",Media,140,0.35,2022-07-21,"Series D","United States",NULL,1
Calm,"SF Bay Area",Healthcare,90,0.2,2022-08-11,"Series C","United States",218,1
Cameo,Chicago,Consumer,80,NULL,2022-11-09,Unknown,"United States",165,1
Cameo,Chicago,Consumer,87,0.25,2022-05-04,Unknown,"United States",165,1
"Camp K12",Gurugram,Education,NULL,0.7,2023-01-23,"Series A",India,16,1
"Candy Digital","New York City",Crypto,33,0.33,2022-11-28,"Series A","United States",100,1
Canoo,"Los Angeles",Transportation,58,0.06,2022-07-01,Post-IPO,"United States",300,1
"Capital One","Washington D.C.",Finance,1100,NULL,2023-01-19,Post-IPO,"United States",NULL,1
Capitolis,"New York City",Finance,NULL,0.25,2022-11-18,"Series D","United States",281,1
Capitolis,"New York City",Finance,37,0.25,2022-11-17,"Series D","United States",281,1
Capsule,"New York City",Healthcare,NULL,0.13,2022-07-19,"Series D","United States",570,1
"Captain Fresh",Bengaluru,Food,120,NULL,2023-01-15,"Series C",India,126,1
CaptivateIQ,"SF Bay Area",Sales,31,0.1,2022-11-15,"Series C","United States",164,1
"Carbon Health","SF Bay Area",Healthcare,200,NULL,2023-01-06,"Series D","United States",522,1
"Carbon Health","SF Bay Area",Healthcare,250,0.08,2022-06-02,"Series D","United States",522,1
CarDekho,Gurugram,Transportation,200,NULL,2020-05-25,"Series D",India,247,1
Cardlytics,Atlanta,Marketing,51,NULL,2022-11-14,Post-IPO,"United States",212,1
Care.com,Boston,Consumer,81,NULL,2020-04-30,Acquired,"United States",156,1
Careem,Dubai,Transportation,536,0.31,2020-05-04,Acquired,"United Arab Emirates",771,1
"Career Karma","SF Bay Area",Education,22,NULL,2023-01-12,"Series B","United States",51,1
"Career Karma","SF Bay Area",Education,60,0.33,2022-07-28,"Series B","United States",51,1
CarGurus,Boston,Transportation,130,0.13,2020-04-16,Post-IPO,"United States",1,1
Carousell,Singapore,Retail,110,0.1,2022-12-01,"Private Equity",Singapore,372,1
Cars24,Gurugram,Transportation,600,0.06,2022-05-19,"Series G",India,1300,1
Carsome,"Kuala Lumpur",Transportation,NULL,0.1,2022-09-30,"Series E",Malaysia,607,1
Carta,"SF Bay Area",Finance,161,0.16,2020-04-15,"Series E","United States",447,1
Carta,"SF Bay Area",HR,NULL,0.1,2023-01-11,"Series G","United States",1100,1
Carvana,Phoenix,Transportation,2500,0.12,2022-05-10,Post-IPO,"United States",1600,1
Carvana,Phoenix,Transportation,1500,0.08,2022-11-18,Post-IPO,"United States",1600,1
Carwow,London,Transportation,70,0.2,2022-11-25,Unknown,"United Kingdom",157,1
Casavo,Milan,"Real Estate",NULL,0.3,2023-02-13,Unknown,Italy,708,1
"Cashfree Payments",Bengaluru,Finance,100,NULL,2023-01-12,"Series B",India,41,1
Casper,"New York City",Retail,78,0.21,2020-04-21,Post-IPO,"United States",339,1
"Castlight Health","SF Bay Area",Healthcare,NULL,0.13,2020-05-04,Post-IPO,"United States",184,1
Catalant,Boston,Other,30,NULL,2020-03-30,"Series E","United States",110,1
Catch.com.au,Melbourne,Retail,100,NULL,2023-02-06,Acquired,Australia,80,1
Cazoo,London,Transportation,750,0.15,2022-06-07,Post-IPO,"United Kingdom",2000,1
Cedar,"New York City",Healthcare,NULL,0.24,2022-07-07,"Series D","United States",351,1
Celsius,"New York City",Crypto,150,0.25,2022-07-03,"Series B","United States",864,1
Cerebral,"SF Bay Area",Healthcare,285,0.15,2023-02-27,"Series C","United States",462,1
Cerebral,"SF Bay Area",Healthcare,400,0.2,2022-10-24,"Series C","United States",462,1
Chainalysis,"New York City",Crypto,44,0.05,2023-02-01,"Series F","United States",536,1
"Change Invest",Amsterdam,Finance,NULL,0.24,2022-11-27,Unknown,Netherlands,22,1
Change.org,"SF Bay Area",Other,NULL,0.19,2022-07-28,"Series D","United States",72,1
Chargebee,"SF Bay Area",Finance,142,0.1,2022-11-02,"Series H","United States",468,1
Checkmarx,"Tel Aviv",Security,100,0.1,2022-11-02,"Series C",Israel,92,1
Checkout.com,London,Finance,100,0.05,2022-09-13,"Series D","United Kingdom",1800,1
Checkr,"SF Bay Area",HR,64,0.12,2020-07-23,"Series D","United States",309,1
Chessable,London,Consumer,29,NULL,2022-07-04,Acquired,"United Kingdom",0,1
"Chili Piper","New York City",Sales,58,NULL,2022-11-17,"Series B","United States",54,1
Chime,"SF Bay Area",Finance,156,0.12,2022-11-02,"Series G","United States",2300,1
"Chipper Cash","SF Bay Area",Finance,50,0.125,2022-12-06,"Series C","United States",302,1
"Chipper Cash","SF Bay Area",Finance,100,0.33,2023-02-17,"Series C","United States",302,1
Chope,Singapore,Food,65,0.24,2022-12-20,"Series E",Singapore,50,1
ChowNow,"Los Angeles",Food,40,0.1,2022-12-14,"Series C","United States",64,1
ChowNow,"Los Angeles",Food,100,0.2,2022-07-13,"Series C","United States",64,1
Chrono24,Karlsruhe,Retail,65,0.13,2023-01-30,"Series C",Germany,205,1
Chrono24,Karlsruhe,Retail,80,NULL,2022-12-08,"Series C",Germany,205,1
Circ,Berlin,Transportation,100,NULL,2020-06-02,Acquired,Germany,55,1
CircleCI,"SF Bay Area",Product,NULL,0.17,2022-12-07,"Series F","United States",315,1
"Circulo Health",Columbus,Healthcare,NULL,0.5,2022-06-16,"Series A","United States",50,1
Cisco,"SF Bay Area",Infrastructure,4100,0.05,2022-11-16,Post-IPO,"United States",2,1
Citizen,"New York City",Consumer,33,NULL,2023-01-11,"Series C","United States",133,1
"Citrine Informatics","SF Bay Area",Data,22,0.27,2023-01-20,"Series C","United States",64,1
Citrix,Miami,Infrastructure,NULL,0.15,2023-01-10,Acquired,"United States",20,1
CityMall,Gurugram,Retail,191,0.3,2022-06-19,"Series C",India,112,1
Clari,"SF Bay Area",Sales,20,NULL,2023-02-06,"Series F","United States",496,1
Clari,"SF Bay Area",Sales,45,NULL,2022-08-31,"Series F","United States",496,1
"Clarify Health","SF Bay Area",Healthcare,15,0.05,2022-07-22,"Series D","United States",328,1
ClassPass,"New York City",Fitness,154,0.22,2020-04-02,"Series E","United States",549,1
Clear,Bengaluru,Finance,190,0.2,2022-09-16,"Series C",India,140,1
"Clear Capital",Reno,"Real Estate",250,0.25,2023-01-25,Unknown,"United States",NULL,1
"Clear Capital",Reno,"Real Estate",378,0.27,2022-10-14,Unknown,"United States",NULL,1
Clearbanc,Toronto,Finance,17,0.08,2020-04-13,"Series B",Canada,119,1
Clearco,Toronto,Fin-Tech,125,0.25,2022-07-29,"Series C",Canada,681,1
ClearCo,Toronto,Finance,50,0.3,2023-01-16,"Series C",Canada,698,1
Clearco,Toronto,Finance,60,NULL,2022-06-06,"Series C",Canada,681,1
CleverTap,Mumbai,Marketing,60,0.2,2020-04-16,"Series C",India,76,1
ClickUp,"San Diego",Other,60,0.07,2022-05-23,"Series C","United States",537,1
Clinc,"Ann Arbor",Support,40,0.32,2020-04-09,"Series B","United States",59,1
CloudFactory,Nairobi,Data,NULL,0.12,2022-11-09,"Private Equity",Kenya,78,1
Cloudinary,"SF Bay Area",Media,40,0.08,2022-11-14,Unknown,"United States",100,1
Clue,Berlin,Healthcare,31,0.31,2023-01-18,Unknown,Germany,47,1
Clutch,Toronto,Transportation,76,0.22,2022-06-29,"Series B",Canada,153,1
Clutch,Toronto,Transportation,150,NULL,2023-01-17,Unknown,Canada,253,1
Clutter,"Los Angeles",Consumer,NULL,0.3,2020-03-25,"Series D","United States",296,1
Clyde,"New York City",Marketing,22,NULL,2022-04-25,"Series B","United States",58,1
CNET,"SF Bay Area",Media,12,0.1,2023-03-02,Acquired,"United States",20,1
CoachHub,Berlin,HR,NULL,0.1,2023-01-24,"Series C",Germany,332,1
Code42,Minneapolis,Data,25,0.05,2020-04-09,"Series B","United States",138,1
Code42,Minneapolis,Security,NULL,0.15,2022-11-07,Unknown,"United States",137,1
CodeCombat,"SF Bay Area",Education,8,NULL,2020-10-23,"Series A","United States",8,1
Codexis,"SF Bay Area",Healthcare,NULL,0.18,2022-11-29,Post-IPO,"United States",162,1
"Coding Dojo",Seattle,Education,7,0.07,2020-04-02,Unknown,"United States",2,1
Cogito,Boston,Support,24,0.14,2020-04-06,"Series C","United States",92,1
Cognyte,"Tel Aviv",Security,100,0.05,2022-12-02,Unknown,Israel,NULL,1
Coinbase,"SF Bay Area",Crypto,60,NULL,2022-11-10,Post-IPO,"United States",549,1
Coinbase,"SF Bay Area",Crypto,950,0.2,2023-01-10,Post-IPO,"United States",549,1
Coinbase,"SF Bay Area",Crypto,1100,0.18,2022-06-14,Post-IPO,"United States",549,1
CoinDCX,Mumbai,Crypto,80,NULL,2023-01-11,"Series D",India,244,1
CoinJar,Melbourne,Crypto,10,0.2,2022-11-29,Unknown,Australia,1,1
Coinsquare,Toronto,Crypto,30,0.24,2022-07-27,Unknown,Canada,98,1
CoinTracker,"SF Bay Area",Crypto,19,NULL,2023-01-28,"Series A","United States",101,1
"Collective Health","SF Bay Area",Healthcare,54,NULL,2023-02-13,"Series F","United States",719,1
"Color Health","SF Bay Area",Healthcare,300,NULL,2023-03-01,"Series E","United States",482,1
Colossus,Boston,Energy,97,NULL,2022-05-04,"Series A","United States",41,1
CommerceHub,Albany,Retail,371,0.31,2023-02-14,Acquired,"United States",NULL,1
CommonBond,"New York City",Finance,NULL,1,2022-09-09,"Series D","United States",125,1
CommonBond,"New York City",Finance,22,NULL,2022-05-13,"Series D","United States",130,1
Community,"Los Angeles",Marketing,40,0.3,2022-06-21,Unknown,"United States",40,1
Compass,"New York City","Real Estate",271,NULL,2022-09-20,Post-IPO,"United States",1600,1
Compass,"New York City","Real Estate",375,0.15,2020-03-23,"Series G","United States",1600,1
Compass,"New York City","Real Estate",450,0.1,2022-06-14,Post-IPO,"United States",1600,1
Compete,"Tel Aviv",HR,11,0.28,2022-09-12,"Series A",Israel,17,1
Confluent,"SF Bay Area",Data,221,0.08,2023-01-26,Post-IPO,"United States",455,1
Conga,Denver,Data,NULL,0.11,2020-06-15,Acquired,"United States",117,1
Connected,Toronto,Product,17,0.1,2020-04-08,Unknown,Canada,NULL,1
ConsenSys,"New York City",Crypto,91,0.14,2020-04-20,Unknown,"United States",10,1
ConsenSys,"New York City",Crypto,100,0.11,2023-01-10,"Series D","United States",726,1
Consider.co,"SF Bay Area",Other,13,1,2020-03-26,Seed,"United States",5,1
ContaAzul,Joinville,Education,140,0.35,2020-04-17,"Series D",Brazil,37,1
ContraFect,"New York City",Healthcare,16,0.37,2022-08-15,Post-IPO,"United States",380,1
Convene,"New York City","Real Estate",150,0.18,2020-03-23,"Series D","United States",280,1
Convoy,Seattle,Logistics,NULL,0.01,2020-04-23,"Series D","United States",665,1
Convoy,Seattle,Logistics,90,0.07,2022-06-09,"Series E","United States",1100,1
Copper,"SF Bay Area",Marketing,35,NULL,2020-04-02,"Series C","United States",102,1
"Core Scientific",Austin,Crypto,NULL,0.1,2022-08-12,Post-IPO,"United States",169,1
"Corvus Insurance",Boston,Finance,NULL,0.14,2023-01-24,"Series C","United States",160,1
"Coterie Insurance",Cincinnati,Finance,30,0.2,2022-05-25,"Series B","United States",70,1
Crayon,Boston,Marketing,20,0.2,2020-04-01,"Series A","United States",16,1
"Credit Sesame","SF Bay Area",Finance,22,0.14,2020-06-03,"Series F","United States",120,1
Creditas,"Sao Paulo",Finance,NULL,0.06,2020-04-08,"Series D",Brazil,314,1
Crejo.Fun,Bengaluru,Education,170,1,2022-06-30,Seed,India,3,1
CrowdStreet,Portland,"Real Estate",24,0.22,2020-06-01,"Series C","United States",24,1
Cruise,"SF Bay Area",Transportation,150,0.08,2020-05-14,Acquired,"United States",5300,1
Crunchyroll,Tokyo,Media,85,NULL,2023-02-21,Unknown,Japan,26,1
Crypto.com,Singapore,Crypto,NULL,0.2,2023-01-12,Unknown,"United States",NULL,1
Crypto.com,Singapore,Crypto,260,0.05,2022-06-10,Unknown,Singapore,156,1
Crypto.com,Singapore,Crypto,2000,0.3,2022-10-06,Unknown,Singapore,156,1
"CS Disco",Austin,Legal,62,0.09,2023-01-19,Post-IPO,"United States",233,1
CTO.ai,Vancouver,Infrastructure,30,0.5,2020-03-20,Seed,Canada,7,1
Cue,"San Diego",Healthcare,170,NULL,2022-06-27,Post-IPO,"United States",999,1
Cue,"San Diego",Healthcare,388,NULL,2023-01-05,Post-IPO,"United States",999,1
"Culture Amp",Melbourne,HR,36,0.08,2020-05-28,"Series E",Australia,157,1
"Culture Trip",London,Media,95,0.32,2020-05-01,"Series B","United Kingdom",102,1
Curative,"Los Angeles",Healthcare,109,NULL,2022-09-20,Seed,"United States",8,1
Curefit,Bengaluru,Fitness,120,NULL,2020-07-17,"Series D",India,405,1
CureFit,Bengaluru,Fitness,800,0.16,2020-05-04,"Series D",India,404,1
Curology,"SF Bay Area",Healthcare,150,NULL,2022-03-16,"Series D","United States",19,1
Curve,London,Finance,65,0.1,2022-06-01,"Series C","United Kingdom",182,1
Cvent,"Washington D.C.",Marketing,400,0.1,2020-05-21,Acquired,"United States",146,1
Cybereason,Boston,Security,100,0.06,2022-06-01,"Series F","United States",750,1
Cybereason,Boston,Security,200,0.17,2022-10-26,"Series F","United States",750,1
CyCognito,"SF Bay Area",Security,30,0.15,2022-12-08,"Series C","United States",153,1
Cyren,"Washington D.C.",Security,121,NULL,2023-02-01,Post-IPO,"United States",161,1
"Cyteir Therapeutics",Boston,Healthcare,NULL,0.7,2023-01-20,"Series C","United States",156,1
D2iQ,"SF Bay Area",Infrastructure,34,0.13,2020-04-03,"Series D","United States",247,1
D2L,Waterloo,Education,NULL,0.05,2022-11-16,Post-IPO,Canada,168,1
"Daily Harvest","New York City",Food,NULL,0.15,2022-08-08,"Series D","United States",120,1
"Daily Harvest","New York City",Food,60,0.2,2022-02-10,"Series D","United States",120,1
DailyPay,"New York City",Finance,NULL,0.15,2022-08-09,Unknown,"United States",814,1
Daloopa,"New Delhi",Data,40,NULL,2022-05-27,"Series A",India,23,1
Dance,Berlin,Transportation,NULL,0.16,2022-11-16,Unknown,Germany,63,1
"Daniel Wellington",Stockholm,Retail,200,0.15,2022-06-09,Unknown,Sweden,NULL,1
"Dapper Labs",Vancouver,Crypto,NULL,0.2,2023-02-23,"Series D","United States",607,1
"Dapper Labs",Vancouver,Crypto,134,0.22,2022-11-02,"Series D","United States",607,1
Daraz,Singapore,Retail,NULL,0.11,2023-02-06,Unknown,Singapore,NULL,1
Dark,"SF Bay Area",Product,6,1,2020-06-23,Seed,"United States",3,1
DataRails,"Tel Aviv",Finance,30,0.18,2022-12-05,"Series B",Israel,103,1
DataRobot,Boston,Data,NULL,0.26,2022-08-23,"Series G","United States",1000,1
DataRobot,Boston,Data,70,0.07,2022-05-11,"Series G","United States",1000,1
DataRobot,Boston,Data,200,NULL,2020-03-27,"Series E","United States",430,1
DataStax,"SF Bay Area",Data,15,NULL,2020-04-14,"Series E","United States",190,1
Datera,"SF Bay Area",Infrastructure,NULL,0.1,2020-05-18,"Series C","United States",63,1
Dazn,London,Consumer,50,0.02,2022-05-26,Unknown,"United Kingdom",NULL,1
DealShare,Bengaluru,Retail,100,0.06,2023-01-27,"Series E",India,390,1
"Deep Instinct","New York City",Security,NULL,0.1,2022-06-06,"Series D","United States",259,1
"Definitive Healthcare",Boston,Healthcare,55,0.06,2023-01-12,Post-IPO,"United States",NULL,1
Degreed,"SF Bay Area",Education,NULL,0.15,2022-06-29,"Series D","United States",411,1
DeHaat,Patna,Food,NULL,0.05,2023-01-15,"Series E",India,254,1
Deliv,"SF Bay Area",Retail,669,1,2020-05-13,"Series C","United States",80,1
Deliveroo,London,Food,350,0.09,2023-02-09,Post-IPO,"United Kingdom",1700,1
Deliveroo,London,Food,367,0.15,2020-04-28,"Series G","United Kingdom",1500,1
"Deliveroo Australia",Melbourne,Food,120,1,2022-11-15,Post-IPO,Australia,1700,1
"Delivery Hero",Berlin,Food,100,NULL,2022-11-03,Post-IPO,Germany,8300,1
"Delivery Hero",Berlin,Food,156,0.04,2023-01-30,Post-IPO,Germany,9900,1
"Delivery Hero",Berlin,Food,300,NULL,2021-12-22,Post-IPO,Germany,8300,1
Dell,Austin,Hardware,6650,0.05,2023-02-06,Post-IPO,"United States",NULL,1
Demandbase,"SF Bay Area",Sales,27,0.03,2022-09-07,"Series H","United States",143,1
Deputy,Sydney,HR,60,0.3,2020-05-04,"Series B",Australia,106,1
"Descartes Labs","Santa Fe",Data,12,0.16,2020-06-02,"Series B","United States",58,1
"Desktop Metal",Boston,Other,NULL,0.12,2022-06-13,Post-IPO,"United States",811,1
Devo,Boston,Security,NULL,0.15,2022-11-21,"Series F","United States",481,1
DialSource,Sacramento,Marketing,5,0.14,2020-03-31,"Series B","United States",26,1
"Digital Currency Gruop",Stamford,Crypto,10,0.13,2022-11-02,Unknown,"United States",NULL,1
"Digital Surge",Brisbane,Crypto,NULL,1,2022-12-09,Unknown,Australia,NULL,1
DigitalOcean,"New York City",Infrastructure,200,0.11,2023-02-15,Post-IPO,"United States",491,1
DISCO,Austin,Legal,75,NULL,2020-03-27,"Series E","United States",133,1
Dispatch,Boston,Other,NULL,0.38,2020-04-17,"Series A","United States",18,1
"Divergent 3D","Los Angeles",Transportation,57,0.36,2020-04-24,"Series B","United States",88,1
"Divvy Homes","SF Bay Area","Real Estate",NULL,0.08,2020-03-25,"Series B","United States",180,1
"Divvy Homes","SF Bay Area","Real Estate",40,0.12,2022-09-27,"Series B","United States",180,1
divvyDOSE,Davenport,Healthcare,62,NULL,2022-05-06,Acquired,"United States",0,1
Dock,"Sao Paulo",Finance,190,0.12,2022-11-07,"Private Equity",Brazil,280,1
Docly,London,Healthcare,8,0.8,2020-08-19,Seed,"United Kingdom",16,1
DocuSign,"SF Bay Area",Sales,671,0.09,2022-09-28,Post-IPO,"United States",536,1
DocuSign,"SF Bay Area",Sales,680,0.1,2023-02-16,Post-IPO,"United States",536,1
Doma,"SF Bay Area",Finance,250,0.13,2022-08-04,Post-IPO,"United States",679,1
Doma,"SF Bay Area",Finance,310,0.15,2022-05-10,Post-IPO,"United States",679,1
Doma,"SF Bay Area",Finance,515,0.4,2022-12-06,Post-IPO,"United States",679,1
Domestika,"SF Bay Area",Education,150,0.19,2022-04-28,"Series D","United States",130,1
"Domino Data Lab","SF Bay Area",Data,NULL,0.25,2022-11-07,"Series F","United States",223,1
Domio,"New York City","Real Estate",NULL,0.5,2020-11-18,"Series B","United States",116,1
Domio,"New York City",Travel,NULL,0.3,2020-03-31,"Series B","United States",116,1
Domo,"Salt Lake City",Data,90,0.1,2020-04-09,Post-IPO,"United States",689,1
Dooly,Vancouver,Sales,12,NULL,2022-08-09,"Series B",Canada,102,1
DoorDash,"SF Bay Area",Food,1250,0.06,2022-11-30,Post-IPO,"United States",2500,1
Dotscience,London,Product,10,1,2020-05-19,Unknown,"United Kingdom",NULL,1
Dover,"SF Bay Area",Recruiting,23,0.3,2022-07-26,"Series A","United States",22,1
DraftKings,Boston,Consumer,140,0.04,2023-02-01,Post-IPO,"United States",719,1
Drift,Boston,Marketing,59,NULL,2023-02-06,Acquired,"United States",107,1
Drip,"Salt Lake City",Marketing,20,NULL,2020-03-23,Acquired,"United States",0,1
DriveWealth,"Jersey City",Finance,NULL,0.2,2023-01-26,"Series D","United States",550,1
Drop,Toronto,Marketing,24,NULL,2022-11-01,"Series B",Canada,56,1
Dropbox,"SF Bay Area",Other,315,0.15,2021-01-13,Post-IPO,"United States",1700,1
DSCO,"Salt Lake City",Retail,12,NULL,2020-04-03,"Series A","United States",4,1
"Dude Solutions",Raleigh,Other,NULL,0.2,2020-04-15,Acquired,"United States",100,1
Dukaan,Bengaluru,Retail,23,NULL,2022-10-31,"Series A",India,17,1
Dunzo,Bengaluru,Food,NULL,0.03,2023-01-16,Unknown,India,382,1
Dutchie,Bend,Other,50,0.07,2022-06-06,"Series D","United States",603,1
"DUX Education",Bengaluru,Education,NULL,1,2023-02-28,Unknown,India,NULL,1
"Dynamic Signal","SF Bay Area",HR,35,0.19,2020-04-02,"Series E","United States",114,1
Earnin,"SF Bay Area",Finance,50,0.2,2020-04-01,"Series C","United States",190,1
"Earth Rides",Nashville,Transportation,NULL,1,2023-01-19,Unknown,"United States",2,1
EasyPost,"Salt Lake City",Logistics,75,NULL,2020-03-11,"Series A","United States",12,1
EasyPost,"SF Bay Area",Logistics,50,0.25,2020-04-13,"Series A","United States",12,1
"Eat Just","SF Bay Area",Food,40,NULL,2023-02-24,Unknown,"United States",465,1
Eatsy,Singapore,Food,20,1,2020-08-08,Seed,Singapore,1,1
Eaze,"SF Bay Area",Consumer,25,NULL,2022-06-01,"Series D","United States",202,1
Ebanx,Curitiba,Finance,62,0.08,2020-05-27,Unknown,Brazil,30,1
Ebanx,Curitiba,Finance,340,0.2,2022-06-21,"Series B",Brazil,460,1
eBay,"SF Bay Area",Retail,500,0.04,2023-02-07,Post-IPO,"United States",1200,1
Ecobee,Toronto,Energy,47,0.1,2020-03-26,"Series C",Canada,149,1
"Eden / Managed By Q","New York City","Real Estate",40,0.4,2020-04-08,"Series B","United States",40,1
Edgio,Phoenix,Infrastructure,95,0.1,2022-12-13,Post-IPO,"United States",462,1
Edifecs,Seattle,Healthcare,30,NULL,2023-01-20,Unknown,"United States",1,1
"Editas Medicine",Boston,Healthcare,NULL,0.2,2023-01-09,Post-IPO,"United States",656,1
Edmodo,"SF Bay Area",Education,NULL,1,2022-08-16,Acquired,"United States",77,1
eGym,Munich,Fitness,100,0.25,2020-04-02,"Series D",Germany,109,1
"Eight Sleep","New York City",Retail,NULL,0.2,2020-03-23,"Series C","United States",70,1
Ejento,"SF Bay Area",Recruiting,84,1,2020-03-19,Unknown,"United States",NULL,1
Elastic,"SF Bay Area",Data,NULL,0.13,2022-11-30,Post-IPO,"United States",162,1
Electric,"New York City",Other,81,NULL,2022-08-30,"Series D","United States",212,1
Electric,"New York City",Other,141,0.25,2023-02-13,"Series D","United States",212,1
"Electronic Arts","Baton Rouge",Consumer,200,NULL,2023-02-28,Post-IPO,"United States",2,1
Element,London,Other,NULL,0.15,2022-12-25,"Series B","United Kingdom",96,1
"Element AI",Montreal,Other,62,0.15,2020-05-04,"Series B",Canada,257,1
"Element Analytics","SF Bay Area",Data,10,NULL,2020-03-25,"Series A","United States",22,1
Elementor,"Tel Aviv",Media,60,0.15,2022-06-15,Unknown,Israel,65,1
Elinvar,Berlin,Finance,43,0.33,2022-10-21,Unknown,Germany,30,1
Elliptic,London,Crypto,NULL,0.3,2020-04-09,"Series B","United Kingdom",40,1
Embark,Boston,Healthcare,41,NULL,2023-01-11,"Series B","United States",94,1
"Embark Trucks","SF Bay Area",Transportation,230,0.7,2023-03-03,Post-IPO,"United States",317,1
Embroker,"SF Bay Area",Finance,30,0.12,2022-10-25,"Series C","United States",142,1
Emotive,"Los Angeles",Marketing,30,0.18,2022-07-07,"Series B","United States",78,1
"EMX Digital","New York City",Marketing,100,1,2023-02-13,Unknown,"United States",NULL,1
"Engine eCommerce",Fayetteville,Retail,NULL,1,2020-06-28,Unknown,"United States",4,1
Enjoei,"Sao Paulo",Retail,31,0.1,2023-01-20,Unknown,Brazil,14,1
Enjoy,"SF Bay Area",Retail,400,0.18,2022-06-30,Post-IPO,"United States",310,1
Envato,Melbourne,Marketing,100,NULL,2022-06-02,Unknown,Australia,NULL,1
Envoy,"SF Bay Area",HR,58,0.3,2020-04-14,"Series B","United States",59,1
Equitybee,"SF Bay Area",Finance,24,0.25,2023-02-08,"Series B","United States",85,1
Equitybee,"SF Bay Area",Finance,25,0.2,2022-10-31,"Series B","United States",85,1
EquityZen,"New York City",Finance,30,0.27,2022-10-31,"Series B","United States",11,1
Ericsson,Stockholm,Other,8500,0.08,2023-02-24,Post-IPO,Sweden,663,1
Ermetic,"SF Bay Area",Security,30,0.17,2023-01-23,"Series B","United States",97,1
Eruditus,Mumbai,Education,40,NULL,2022-06-04,"Series E",India,1200,1
Esper,Seattle,Other,NULL,0.12,2022-06-23,"Series A","United States",10,1
Esper,Seattle,Other,NULL,0.21,2023-01-10,"Series A","United States",10,1
Etermax,"Buenos Aires",Other,40,NULL,2022-11-30,Unknown,Argentina,NULL,1
"Ethos Life","SF Bay Area",Finance,18,0.14,2020-06-05,"Series C","United States",106,1
"Ethos Life","SF Bay Area",Finance,40,0.12,2022-06-24,"Series D","United States",406,1
"Ethos Life","SF Bay Area",Finance,50,NULL,2023-02-21,"Series D","United States",406,1
eToro,"Tel Aviv",Finance,100,0.06,2022-07-05,Unknown,Israel,322,1
Eucalyptus,Sydney,Healthcare,50,0.2,2022-07-22,"Series C","United States",69,1
Eventbrite,"SF Bay Area",Consumer,80,0.08,2023-02-28,Post-IPO,"United States",557,1
Eventbrite,"SF Bay Area",Consumer,500,0.45,2020-04-08,Post-IPO,"United States",332,1
EverBridge,Boston,Other,200,NULL,2022-11-08,Post-IPO,"United States",476,1
Everlane,"SF Bay Area",Retail,30,0.17,2023-01-05,Unknown,"United States",176,1
Everlane,"SF Bay Area",Retail,227,NULL,2020-03-27,Unknown,"United States",18,1
Evernote,"SF Bay Area",Consumer,129,NULL,2023-02-17,Acquired,"United States",290,1
EVgo,"Los Angeles",Transportation,40,NULL,2023-02-23,Post-IPO,"United States",400,1
Exodus,"Nebraska City",Crypto,59,0.22,2022-11-04,Unknown,"United States",60,1
Exotel,Bengaluru,Support,142,0.15,2023-01-17,"Series D",India,87,1
Expert360,Sydney,Recruiting,7,NULL,2022-08-11,"Series C",Australia,26,1
Exterro,Portland,Legal,24,0.03,2023-02-01,"Private Equity","United States",100,1
ezCater,Boston,Food,400,0.44,2020-04-07,"Series D","United States",319,1
F5,Seattle,Security,100,0.01,2022-10-21,Post-IPO,"United States",NULL,1
FabHotels,"New Delhi",Travel,80,0.2,2020-03-30,"Series B",India,48,1
Fabric,"New York City",Logistics,120,0.4,2022-07-13,"Series C","United States",336,1
Facily,"Sao Paulo",Retail,260,0.3,2022-04-20,"Series D",Brazil,502,1
Faire,"SF Bay Area",Retail,84,0.07,2022-10-18,"Series G","United States",1700,1
Fandom,"SF Bay Area",Media,NULL,0.14,2020-04-30,"Series E","United States",145,1
Fareportal,Gurugram,Travel,200,NULL,2020-03-26,Unknown,India,NULL,1
FarEye,"New Delhi",Logistics,90,NULL,2023-02-03,"Series E",India,150,1
FarEye,"New Delhi",Logistics,250,0.3,2022-06-10,"Series E",India,150,1
Fast,"SF Bay Area",Finance,NULL,1,2022-04-05,"Series B","United States",124,1
"Fate Therapeutics","San Diego",Healthcare,315,0.57,2023-01-09,Post-IPO,"United States",1200,1
Favo,"Sao Paulo",Food,170,NULL,2022-06-02,"Series A",Brazil,31,1
"Faze Medicines",Boston,Healthcare,NULL,1,2022-11-09,"Series B","United States",81,1
"Fifth Season",Pittsburgh,Food,100,1,2022-10-28,"Series B","United States",35,1
Finder,Sydney,Retail,NULL,0.15,2023-02-03,Unknown,Australia,30,1
"Finite State",Columbus,Security,16,0.2,2022-06-17,"Series B","United States",49,1
"Finleap Connect",Hamburg,Finance,14,0.1,2022-06-30,"Series A",Germany,22,1
Fipola,Chennai,Food,NULL,1,2023-02-20,"Series A","United States",9,1
Fireblocks,"New York City",Crypto,30,0.05,2023-02-20,"Series E","United States",1000,1
Firework,"SF Bay Area",Retail,NULL,0.1,2022-11-29,"Series B","United States",269,1
FiscalNote,"Washington D.C.",Media,30,NULL,2020-04-02,"Series D","United States",50,1
Fittr,Pune,Fitness,30,0.11,2023-03-02,"Series A",India,13,1
Fiverr,"Tel Aviv",Other,60,0.08,2022-07-26,Post-IPO,Israel,111,1
Fivetran,"SF Bay Area",Data,NULL,0.05,2022-10-04,"Series D","United States",NULL,1
"Flatiron School","New York City",Education,100,NULL,2020-05-06,Acquired,"United States",15,1
Flexport,"SF Bay Area",Logistics,640,0.2,2023-01-11,"Series E","United States",2400,1
Flipboard,"SF Bay Area",Media,24,0.21,2022-10-16,Unknown,"United States",235,1
Flockjay,"SF Bay Area",Education,37,0.5,2021-08-24,"Series A","United States",14,1
Flowhub,Denver,Retail,NULL,0.15,2022-09-09,Unknown,"United States",45,1
Flowr,Toronto,Retail,NULL,0.25,2020-03-24,Unknown,Canada,NULL,1
Fluke,"Sao Paulo",Other,83,0.82,2022-08-17,Seed,Brazil,NULL,1
"Flux Systems",London,Finance,NULL,1,2022-10-14,Unknown,"United Kingdom",9,1
Flyhomes,Seattle,"Real Estate",200,0.2,2022-07-20,"Series C","United States",310,1
Flyhomes,Seattle,"Real Estate",300,0.4,2022-11-09,"Series C","United States",310,1
Flymya,Yangon,Travel,200,0.33,2020-04-01,Unknown,Myanmar,NULL,1
Flytedesk,Boulder,Marketing,4,0.2,2020-03-18,Seed,"United States",4,1
"Flywheel Sports","New York City",Fitness,784,0.98,2020-03-20,Acquired,"United States",120,1
Flywire,Boston,Finance,60,0.12,2020-05-07,"Series E","United States",263,1
Food52,"New York City",Food,20,0.1,2022-04-08,Acquired,"United States",176,1
Food52,"New York City",Food,21,0.15,2022-06-03,Acquired,"United States",176,1
Foodpanda,Bucharest,Food,80,NULL,2022-05-26,Acquired,Romania,749,1
Foodpanda,Singapore,Food,60,NULL,2022-09-07,Acquired,Singapore,749,1
Foodsby,Minneapolis,Food,87,0.67,2020-03-24,"Series B","United States",20,1
ForeScout,"SF Bay Area",Security,100,0.1,2023-01-10,Post-IPO,"United States",125,1
"Foresight Insurance","SF Bay Area",Finance,NULL,0.4,2022-10-06,"Series B","United States",58,1
Forma.ai,Toronto,Sales,15,0.09,2022-07-20,"Series B",Canada,58,1
Forto,Berlin,Logistics,60,0.08,2022-11-11,"Series D","United States",593,1
Forward,"SF Bay Area",Healthcare,NULL,0.05,2022-07-11,"Series D","United States",225,1
Forward,"SF Bay Area",Healthcare,10,0.03,2020-04-20,"Series C","United States",100,1
FourKites,Chicago,Logistics,60,0.08,2022-08-11,"Series D","United States",201,1
Foxtrot,Chicago,Food,26,0.035,2022-09-23,"Series C","United States",166,1
Fraazo,Mumbai,Food,150,NULL,2022-07-12,"Series B",India,63,1
Freetrade,London,Finance,45,0.15,2022-06-10,Unknown,"United Kingdom",133,1
"Frequency Therapeutics",Boston,Healthcare,NULL,0.5,2023-02-01,Post-IPO,"United States",76,1
Freshbooks,Toronto,Finance,38,0.09,2020-04-21,"Series B",Canada,75,1
FreshDirect,Philadelphia,Food,40,NULL,2022-08-25,Acquired,"United States",280,1
Freshly,"New York City",Food,NULL,0.25,2022-07-18,Acquired,"United States",107,1
Freshly,Phoenix,Food,329,NULL,2022-12-12,Acquired,"United States",107,1
Freshworks,"SF Bay Area",Support,90,0.02,2022-12-15,Post-IPO,"United States",484,1
Frontdesk,Milwaukee,Travel,35,0.16,2020-04-10,Unknown,"United States",3,1
FrontRow,Bengaluru,Education,130,0.75,2022-10-12,"Series A",India,17,1
FrontRow,Bengaluru,Education,145,0.3,2022-05-27,"Series A",India,17,1
Frubana,Bogota,Food,NULL,0.03,2022-06-21,"Series C",Colombia,202,1
FullStory,Atlanta,Marketing,NULL,0.12,2022-09-13,Unknown,"United States",197,1
Fundbox,"SF Bay Area",Finance,14,0.15,2020-06-02,"Series C","United States",453,1
Fundbox,"SF Bay Area",Finance,150,0.42,2022-10-25,"Series D","United States",553,1
"Funding Circle","SF Bay Area",Finance,85,NULL,2020-07-08,Post-IPO,"United States",746,1
"Funding Societies",Singapore,Finance,65,0.18,2020-04-16,"Series B",Singapore,42,1
Furlenco,Bengaluru,Retail,180,NULL,2022-03-26,"Series D",India,228,1
"G/O Media Group","New York City",Media,14,0.05,2020-04-03,Unknown,"United States",NULL,1
G2,Chicago,Marketing,17,0.05,2020-06-30,"Series C","United States",101,1
Gather,"SF Bay Area",Consumer,30,0.33,2022-06-02,"Series B","United States",76,1
Gatherly,Atlanta,Marketing,NULL,0.5,2022-07-31,NULL,"United States",NULL,1
Gavelytics,"Los Angeles",Legal,NULL,1,2022-06-30,Seed,"United States",5,1
Geekwire,Seattle,Media,5,0.31,2020-04-10,Unknown,"United States",NULL,1
Gem,"SF Bay Area",Recruiting,100,0.33,2022-11-01,"Series C","United States",148,1
Gemini,"New York City",Crypto,NULL,0.1,2023-01-23,Unknown,"United States",423,1
Gemini,"New York City",Crypto,100,0.1,2022-06-02,Unknown,"United States",423,1
Gemini,"New York City",Crypto,68,0.07,2022-07-18,Unknown,"United States",423,1
Genesis,"New York City",Crypto,52,0.2,2022-08-17,"Series A","United States",NULL,1
Genesis,"New York City",Crypto,60,0.3,2023-01-05,"Series A","United States",NULL,1
"Genome Medical","SF Bay Area",Healthcare,23,NULL,2022-09-08,"Series C","United States",120,1
Getaround,"SF Bay Area",Transportation,NULL,0.1,2023-02-02,Post-IPO,"United States",948,1
Getaround,"SF Bay Area",Transportation,100,0.25,2020-03-27,"Series D","United States",403,1
Getir,Istanbul,Food,NULL,0.14,2022-05-25,"Series E",Turkey,1800,1
Getir,"New York City",Food,100,NULL,2023-02-02,"Series E","United States",1800,1
GetNinjas,"Sao Paulo",Consumer,11,0.1,2020-04-08,"Series B",Brazil,16,1
Getta,"Tel Aviv",Transportation,30,NULL,2022-05-31,"Series A",Israel,49,1
GetYourGuide,Berlin,Travel,90,0.17,2020-10-14,"Series E",Germany,656,1
GitHub,"SF Bay Area",Product,NULL,0.1,2023-02-09,Acquired,"United States",350,1
GitLab,"SF Bay Area",Product,130,0.07,2023-02-09,Post-IPO,"United States",413,1
Gitpod,Kiel,Product,21,0.28,2023-01-24,"Series A",Germany,41,1
Glassdoor,"SF Bay Area",Recruiting,300,0.3,2020-05-07,Acquired,"United States",204,1
Glints,Singapore,HR,198,0.18,2022-12-08,"Series D",Singapore,82,1
Glitch,"New York City",Product,18,0.36,2020-05-21,"Series A","United States",30,1
GloriFi,Dallas,Finance,NULL,1,2022-11-21,Unknown,"United States",NULL,1
Glossier,"New York City",Consumer,80,0.33,2022-01-26,"Series E","United States",266,1
Glossier,"New York City",Retail,19,0.08,2022-08-02,"Series E","United States",266,1
Glossier,"New York City",Retail,150,0.38,2020-08-07,"Series D","United States",186,1
Glovo,Barcelona,Food,250,0.06,2023-01-30,Acquired,Spain,1200,1
GoBear,Singapore,Finance,22,0.11,2020-09-01,Unknown,Singapore,97,1
GoBolt,Toronto,Logistics,55,0.05,2023-01-10,"Series C",Canada,178,1
GoDaddy,Austin,Marketing,451,0.06,2020-06-24,Post-IPO,"United States",NULL,1
GoDaddy,Phoenix,Marketing,530,0.08,2023-02-08,Post-IPO,"United States",800,1
GoFundMe,"SF Bay Area",Finance,94,0.12,2022-10-26,"Series A","United States",NULL,1
GoHealth,Chicago,Healthcare,800,0.2,2022-08-09,Post-IPO,"United States",75,1
Gojek,Jakarta,Transportation,430,0.09,2020-06-23,"Series F",Indonesia,4800,1
Gokada,Lagos,Transportation,20,NULL,2022-11-14,Unknown,Nigeria,12,1
Gokada,Lagos,Transportation,54,NULL,2023-01-31,Unknown,Nigeria,12,1
GoMechanic,Gurugram,Transportation,NULL,0.7,2023-01-17,"Series C",India,54,1
Gong,"SF Bay Area",Sales,80,0.07,2023-02-08,"Series E","United States",583,1
GoNuts,Mumbai,Media,NULL,1,2022-10-27,Seed,India,NULL,1
Goodfood,Calgary,Food,70,NULL,2022-04-07,Post-IPO,Canada,16,1
GoodGood,Toronto,Retail,NULL,1,2022-11-23,Seed,Canada,6,1
GoodRx,"Los Angeles",Healthcare,140,0.16,2022-08-31,Post-IPO,"United States",910,1
Google,"SF Bay Area",Consumer,12000,0.06,2023-01-20,Post-IPO,"United States",26,1
GoPro,"SF Bay Area",Consumer,200,0.2,2020-04-15,Post-IPO,"United States",288,1
Gopuff,Philadelphia,Food,100,NULL,2022-01-26,"Series H","United States",3400,1
Gopuff,Philadelphia,Food,250,NULL,2022-10-19,"Series H","United States",3400,1
Gopuff,Philadelphia,Food,450,0.03,2022-03-29,"Series H","United States",3400,1
Gopuff,Philadelphia,Food,1500,0.1,2022-07-12,"Series H","United States",3400,1
Gorillas,Berlin,Food,300,0.5,2022-05-24,"Series C",Germany,1300,1
Gorillas,Berlin,Food,540,NULL,2022-07-03,"Series C",Germany,1300,1
GoSpotCheck,Denver,Retail,23,0.2,2020-03-26,"Series B","United States",47,1
GoStudent,Vienna,Education,100,NULL,2022-12-14,"Series D",Austria,686,1
GoStudent,Vienna,Education,200,NULL,2022-09-08,"Series D",Austria,686,1
"GoTo Group",Jakarta,Transportation,1300,0.12,2022-11-10,Post-IPO,Indonesia,1300,1
Grab,Singapore,Transportation,360,0.05,2020-06-16,"Series I",Singapore,9900,1
Gramophone,Indore,Food,75,NULL,2023-01-16,"Series B",India,17,1
GrayMeta,"Los Angeles",Data,20,0.4,2020-03-23,Unknown,"United States",7,1
"Greenhouse Software","New York City",Recruiting,120,0.28,2020-04-17,"Series D","United States",110,1
Greenlight,Atlanta,Finance,104,0.21,2023-01-12,"Series D","United States",556,1
Grin,Sacramento,Marketing,60,0.13,2022-11-30,"Series B","United States",145,1
"Group Nine Media","New York City",Media,50,0.07,2020-04-07,Unknown,"United States",190,1
Groupon,Chicago,Retail,500,NULL,2023-01-30,Post-IPO,"United States",1400,1
Groupon,Chicago,Retail,500,0.15,2022-08-08,Post-IPO,"United States",1400,1
Groupon,Chicago,Retail,2800,0.44,2020-04-13,Post-IPO,"United States",1400,1
"Grove Collaborative","SF Bay Area",Retail,NULL,0.17,2022-03-19,"Series E","United States",474,1
Grover,Berlin,Retail,40,0.1,2022-12-07,Unknown,"United States",2300,1
"Guardant Health","SF Bay Area",Healthcare,130,0.07,2023-01-25,Post-IPO,"United States",550,1
Guidewire,"SF Bay Area",Finance,NULL,0.02,2022-08-11,Post-IPO,"United States",24,1
GumGum,"Los Angeles",Marketing,90,0.25,2020-04-20,"Series D","United States",58,1
Gusto,"SF Bay Area",HR,126,0.05,2023-02-08,"Series E","United States",746,1
Gympass,"Sao Paulo",Fitness,467,0.33,2020-04-03,"Series D",Brazil,300,1
HackerEarth,"SF Bay Area",HR,NULL,0.08,2023-02-14,"Series B","United States",11,1
"Halcyon Health","New York City",Healthcare,NULL,1,2022-04-15,Unknown,"United States",2,1
"Happy Money","Los Angeles",Finance,158,0.34,2022-11-30,"Series D","United States",191,1
Harappa,"New Delhi",Education,60,0.3,2023-01-03,Acquired,India,NULL,1
Hash,"Sao Paulo",Finance,58,0.5,2022-08-01,"Series C",Brazil,58,1
HashiCorp,"SF Bay Area",Security,69,NULL,2023-01-11,Post-IPO,"United States",349,1
Haus,"SF Bay Area",Food,NULL,1,2022-08-09,Seed,"United States",7,1
Havenly,Denver,Consumer,5,NULL,2020-07-01,"Series C","United States",58,1
Headspace,"Los Angeles",Healthcare,50,0.04,2022-12-14,Unknown,"United States",215,1
Healthcare.com,Miami,Healthcare,149,NULL,2022-08-03,"Series C","United States",244,1
HealthifyMe,Bengaluru,Fitness,150,NULL,2022-12-03,"Series C",India,100,1
HealthMatch,Sydney,Healthcare,18,0.5,2022-06-28,"Series B",Australia,20,1
Hedvig,Stockholm,Finance,12,NULL,2022-09-01,"Series B",Sweden,67,1
HelloFresh,"SF Bay Area",Food,611,NULL,2022-10-10,Post-IPO,"United States",367,1
Help.com,Austin,Support,16,1,2020-03-16,Seed,"United States",6,1
"Her Campus Media",Boston,Media,10,0.18,2020-06-10,Unknown,"United States",NULL,1
Heroes,London,Retail,24,0.2,2022-07-15,Unknown,"United States",265,1
Heycar,Berlin,Transportation,73,NULL,2023-01-27,Unknown,Germany,NULL,1
Hibob,"Tel Aviv",HR,70,0.3,2020-03-30,"Series A",Israel,45,1
HighRadius,Bengaluru,Finance,25,NULL,2022-11-09,"Series C",India,475,1
Highsnobiety,Berlin,Media,51,0.25,2020-04-01,"Series A",Germany,9,1
Highspot,Seattle,Sales,100,0.1,2023-02-02,"Series F","United States",644,1
Hipcamp,"SF Bay Area",Travel,NULL,0.6,2020-04-20,"Series B","United States",41,1
"Hippo Insurance","SF Bay Area",Finance,70,0.1,2022-08-31,Post-IPO,"United States",1300,1
Hirect,Bengaluru,Recruiting,200,0.4,2022-11-28,"Series A",India,NULL,1
Hireology,Chicago,Recruiting,36,0.17,2020-05-12,"Series D","United States",52,1
Hodlnaut,Singapore,Crypto,40,0.8,2022-08-19,Unknown,Singapore,NULL,1
Hologram,Chicago,Infrastructure,80,0.4,2022-06-09,"Series B","United States",82,1
Homebot,Denver,"Real Estate",18,0.13,2022-12-19,Acquired,"United States",4,1
HomeLight,"SF Bay Area","Real Estate",NULL,0.19,2022-06-29,"Series D","United States",743,1
Homepoint,Phoenix,"Real Estate",113,NULL,2022-11-17,Post-IPO,"United States",NULL,1
Homeward,Austin,"Real Estate",NULL,0.2,2022-08-10,"Series B","United States",160,1
Homeward,Austin,"Real Estate",NULL,0.25,2022-11-16,Unknown,"United States",501,1
Homie,"Salt Lake City","Real Estate",40,0.13,2022-10-04,"Series B","United States",35,1
Homie,"Salt Lake City","Real Estate",119,0.29,2022-02-14,"Series B","United States",35,1
HOOQ,Singapore,Consumer,250,1,2020-03-27,Unknown,Singapore,95,1
Hootsuite,Vancouver,Marketing,50,0.05,2022-11-01,"Series C",Canada,300,1
Hootsuite,Vancouver,Marketing,70,0.07,2023-01-18,"Series C",Canada,300,1
Hootsuite,Vancouver,Marketing,400,0.3,2022-08-09,"Series C",Canada,300,1
Hopin,London,Other,NULL,0.17,2022-11-16,"Series D","United Kingdom",1000,1
Hopin,London,Other,138,0.12,2022-02-10,"Series D","United States",1000,1
Hopin,London,Other,242,0.29,2022-07-11,"Series D","United Kingdom",1000,1
HopSkipDrive,"Los Angeles",Transportation,8,0.1,2020-03-13,Unknown,"United States",45,1
"Horizn Studios",Berlin,Travel,15,0.25,2020-04-24,"Series B",Germany,30,1
Hotmart,"Belo Horizonte",Marketing,227,0.12,2022-10-20,"Series C",Brazil,127,1
Houzz,"SF Bay Area",Consumer,95,0.08,2022-12-07,"Series E","United States",613,1
Houzz,"SF Bay Area",Consumer,155,0.1,2020-04-21,"Series E","United States",613,1
HP,"Tel Aviv",Hardware,100,NULL,2023-02-19,Post-IPO,Israel,4200,1
Hubba,Toronto,Retail,45,1,2021-02-01,"Series B",Canada,61,1
HubHaus,"SF Bay Area","Real Estate",NULL,1,2020-09-11,"Series A","United States",13,1
Hubilo,"SF Bay Area",Marketing,45,0.12,2022-07-12,"Series B","United States",153,1
Hubilo,"SF Bay Area",Other,115,0.35,2023-01-19,"Series B","United States",153,1
HubSpot,Boston,Marketing,500,0.07,2023-01-31,Post-IPO,"United States",100,1
HuffPo,"New York City",Media,47,NULL,2021-03-09,Acquired,"United States",37,1
Humble,"SF Bay Area",Media,10,NULL,2022-04-15,Acquired,"United States",4,1
Humu,"SF Bay Area",HR,26,NULL,2020-04-02,"Series B","United States",40,1
Hunty,Bogota,HR,30,NULL,2022-06-14,Seed,Colombia,6,1
Huobi,Beijing,Crypto,275,0.2,2023-01-06,Unknown,China,2,1
Huobi,Beijing,Crypto,300,0.3,2022-06-28,Unknown,China,2,1
Hydrow,Boston,Fitness,NULL,0.35,2022-07-18,"Series D","United States",269,1
Hydrow,Boston,Fitness,30,NULL,2023-01-19,"Series D","United States",269,1
Hyperscience,"New York City",Data,100,0.25,2022-03-03,"Series E","United States",289,1
IBM,"New York City",Hardware,3900,0.02,2023-01-25,Post-IPO,"United States",NULL,1
Ibotta,Denver,Retail,87,0.15,2020-04-07,"Series D","United States",85,1
ID.me,"Washington D.C.",Security,130,NULL,2022-06-07,Unknown,"United States",275,1
Ideoclick,Seattle,Retail,40,NULL,2022-05-04,"Series A","United States",7,1
iFit,Logan,Fitness,300,0.2,2022-11-14,"Private Equity","United States",200,1
Iflix,"Kuala Lumpur",Consumer,50,0.12,2020-04-04,Unknown,Malaysia,348,1
iFood,"Sao Paulo",Food,355,0.06,2023-03-01,Subsidiary,Brazil,2100,1
Ignite,"SF Bay Area",Crypto,NULL,0.5,2022-07-11,"Series A","United States",9,1
Ignition,Sydney,Finance,NULL,0.1,2023-01-16,"Series C",Australia,74,1
Ike,"SF Bay Area",Transportation,10,0.14,2020-04-22,"Series A","United States",52,1
Illumina,"San Diego",Healthcare,500,0.05,2022-11-14,Post-IPO,"United States",28,1
"Immersive Labs",Bristol,Security,38,0.1,2022-08-30,"Series C","United Kingdom",123,1
Immutable,Sydney,Crypto,NULL,0.11,2023-02-22,"Series C",Australia,279,1
Immutable,Sydney,Crypto,20,0.06,2022-07-26,"Series C",Australia,279,1
Impact.com,"Los Angeles",Marketing,NULL,0.1,2022-08-25,"Private Equity","United States",361,1
Impala,London,Travel,30,0.35,2022-06-01,"Series B","United Kingdom",32,1
"Imperfect Foods","SF Bay Area",Food,50,NULL,2022-07-29,"Series D","United States",229,1
"Impossible Foods","SF Bay Area",Food,50,0.06,2022-10-06,"Series H","United States",1900,1
"Impossible Foods copy","SF Bay Area",Food,140,0.2,2023-01-30,"Series H","United States",1900,1
Improbable,London,Other,NULL,0.1,2022-12-16,Unknown,"United Kingdom",704,1
"Incredible Health","SF Bay Area",Healthcare,9,0.4,2020-04-01,"Series A","United States",15,1
InDebted,Sydney,Finance,40,0.17,2022-07-26,"Series B",Australia,41,1
Indigo,Boston,Other,80,NULL,2021-02-09,"Series F","United States",1200,1
Industrious,"New York City","Real Estate",90,0.2,2020-04-02,"Series D","United States",222,1
Infarm,Berlin,Other,50,0.05,2022-09-14,"Series D",Germany,604,1
Infarm,Berlin,Other,500,0.5,2022-11-28,"Series D",Germany,604,1
InfluxData,"SF Bay Area",Data,65,0.27,2022-11-10,"Series D","United States",119,1
Informatica,"SF Bay Area",Data,450,0.07,2023-01-10,Post-IPO,"United States",NULL,1
InfoSum,London,Security,20,0.12,2022-10-19,"Series B","United Kingdom",88,1
Inmobi,Bengaluru,Marketing,50,NULL,2023-01-23,Unknown,India,320,1
Innovaccer,"SF Bay Area",Healthcare,90,0.08,2022-09-01,"Series E","United States",379,1
Innovaccer,"SF Bay Area",Healthcare,245,0.15,2023-01-24,"Series E","United States",379,1
Innovid,"New York City",Marketing,40,0.1,2023-01-23,Post-IPO,"United States",295,1
Inscripta,Boulder,Healthcare,43,NULL,2022-12-08,"Series E","United States",459,1
Inspirato,Denver,Travel,109,0.12,2023-01-18,Post-IPO,"United States",179,1
Inspirato,Denver,Travel,130,0.22,2020-03-16,"Series C","United States",79,1
Instacart,"SF Bay Area",Food,1877,NULL,2021-01-21,Unknown,"United States",2400,1
Instamojo,Bengaluru,Finance,6,0.06,2020-04-02,Unknown,India,8,1
Instructure,"Salt Lake City",Education,150,0.12,2020-05-27,Acquired,"United States",89,1
Intapp,"SF Bay Area",Legal,45,0.05,2020-05-18,"Private Equity","United States",NULL,1
"Integral Ad Science","New York City",Marketing,70,0.1,2020-05-14,Acquired,"United States",116,1
"Integral Ad Science","New York City",Marketing,120,0.13,2022-12-07,Acquired,"United States",116,1
Integrate.ai,Toronto,Support,26,NULL,2020-06-09,Unknown,Canada,40,1
Intel,"SF Bay Area",Hardware,201,NULL,2022-12-06,Post-IPO,"United States",12,1
Intel,"SF Bay Area",Hardware,343,NULL,2023-01-30,Post-IPO,"United States",12,1
Intercom,"SF Bay Area",Support,39,0.06,2020-05-20,"Series D","United States",240,1
Intercom,"SF Bay Area",Support,49,0.05,2022-09-07,"Series D","United States",240,1
Intercom,"SF Bay Area",Support,124,0.13,2022-11-14,"Series D","United States",240,1
Intersect,Toronto,Product,19,0.11,2020-05-13,Acquired,Canada,NULL,1
Intrinsic,"SF Bay Area",Other,40,0.2,2023-01-11,Acquired,"United States",NULL,1
Introhive,Ferdericton,Sales,57,0.16,2022-07-20,"Series C",Canada,125,1
Intuit,"SF Bay Area",Finance,715,0.07,2020-06-22,Post-IPO,"United States",18,1
InVision,"New York City",Product,NULL,0.5,2022-07-21,"Series F","United States",356,1
InVision,"New York City",Product,22,NULL,2021-10-05,Unknown,"United States",356,1
Invitae,"SF Bay Area",Healthcare,1000,NULL,2022-07-19,Post-IPO,"United States",2000,1
Involves,Florianpolis,Retail,70,0.18,2022-07-13,Unknown,Brazil,23,1
"iPrice Group","Kuala Lumpur",Retail,50,0.2,2022-06-08,Unknown,Malaysia,26,1
"Iris Nova","New York City",Food,9,0.5,2020-03-30,Seed,"United States",15,1
IRL,"SF Bay Area",Consumer,25,0.25,2022-06-02,"Series C","United States",197,1
iRobot,Boston,Consumer,85,0.07,2023-02-13,Acquired,"United States",30,1
iRobot,Boston,Consumer,140,0.1,2022-08-05,Acquired,"United States",30,1
"Iron Ox","SF Bay Area",Food,50,0.5,2022-11-02,"Series C","United States",103,1
IronNet,"Washington D.C.",Security,55,0.17,2022-06-22,Post-IPO,"United States",410,1
IronNet,"Washington D.C.",Security,90,0.35,2022-06-22,Post-IPO,"United States",410,1
"Jam City","Los Angeles",Consumer,200,0.17,2022-08-04,Unknown,"United States",652,1
Jama,Portland,Product,12,0.05,2020-03-25,Unknown,"United States",233,1
JD.ID,Jakarta,Retail,200,0.3,2022-12-14,Post-IPO,Indonesia,5100,1
Jellyfish,Boston,Product,NULL,0.09,2023-01-13,"Series C","United States",114,1
Jellysmack,"New York City",Media,NULL,0.08,2022-06-09,"Series C","United States",22,1
Jellysmack,Paris,Media,208,NULL,2023-02-15,"Series C",France,22,1
JetClosing,Seattle,"Real Estate",NULL,1,2022-06-15,"Series B","United States",44,1
JetClosing,Seattle,"Real Estate",20,0.2,2020-04-27,"Series A","United States",24,1
Jetty,"New York City",Finance,35,0.4,2020-04-03,"Series B","United States",40,1
Jimdo,Hamburg,Other,50,0.16,2022-11-15,Unknown,Germany,28,1
Jiobit,Chicago,Consumer,6,0.21,2020-04-24,Unknown,"United States",12,1
Jobcase,Boston,Recruiting,39,0.2,2020-04-02,"Private Equity","United States",118,1
JOKR,"New York City",Food,50,0.05,2022-06-16,"Series B","United States",430,1
"Jounce Therapeutics",Boston,Healthcare,NULL,0.57,2023-02-22,Acquired,"United States",194,1
Jumia,Lagos,Retail,900,0.2,2022-11-21,Post-IPO,Nigeria,1200,1
Jumio,"SF Bay Area",Security,100,0.06,2023-01-11,"Private Equity","United States",205,1
Jump,"New York City",Transportation,500,1,2020-05-07,Acquired,"United States",11,1
Jumpcloud,Boulder,Security,100,0.12,2023-01-18,"Series F","United States",416,1
Juni,Gothenburg,Finance,72,0.33,2022-11-17,Unknown,Sweden,281,1
"Juniper Square","SF Bay Area","Real Estate",NULL,0.14,2022-09-06,"Series C","United States",108,1
"Just Eat Takeaway",Amsterdam,Food,390,NULL,2022-07-20,Post-IPO,Netherlands,2800,1
Juul,"SF Bay Area",Consumer,400,0.3,2022-11-10,Unknown,"United States",1500,1
Juul,"SF Bay Area",Consumer,900,0.3,2020-05-05,Unknown,"United States",1500,1
Kabam,"SF Bay Area",Consumer,35,0.07,2022-11-09,Acquired,"United States",244,1
Kaltura,"New York City",Media,NULL,0.1,2022-08-09,Post-IPO,"United States",166,1
Kaltura,"New York City",Media,75,0.11,2023-01-04,Post-IPO,"United States",166,1
Kandela,"Los Angeles",Consumer,NULL,1,2023-03-02,Acquired,"United States",NULL,1
Kandji,"San Diego",Other,NULL,0.17,2022-11-17,"Series C","United States",188,1
Kaodim,Selangor,Consumer,NULL,1,2022-06-02,"Series B","United States",17,1
Karat,Seattle,HR,47,NULL,2023-01-20,Unknown,"United States",169,1
Karbon,"SF Bay Area",Other,NULL,0.23,2022-09-12,"Series B","United States",91,1
Katerra,"SF Bay Area",Construction,240,0.03,2020-04-02,"Series D","United States",1200,1
Katerra,"SF Bay Area",Construction,400,0.07,2020-06-29,"Series E","United States",1300,1
Katerra,"SF Bay Area",Construction,2434,1,2021-06-01,Unknown,"United States",1600,1
Kavak,"Sao Paulo",Transportation,150,NULL,2022-06-08,"Series E",Brazil,1600,1
"Kayak / OpenTable",Stamford,Travel,160,0.08,2020-04-29,Acquired,"United States",229,1
Kazoo,Austin,HR,NULL,0.35,2020-03-31,"Series A","United States",8,1
KeepTruckin,"SF Bay Area",Logistics,349,0.18,2020-03-31,"Series D","United States",227,1
Kenoby,"Sao Paulo",Recruiting,18,0.16,2020-04-08,Unknown,Brazil,23,1
Khoros,Austin,Sales,120,0.1,2022-10-21,"Private Equity","United States",138,1
Kiavi,"SF Bay Area","Real Estate",39,0.07,2022-07-14,"Series E","United States",240,1
Kickstarter,"New York City",Finance,25,0.18,2020-05-13,Unknown,"United States",10,1
Kinde,Sydney,Other,8,0.28,2023-02-20,Seed,Australia,10,1
Kite,"SF Bay Area",Product,NULL,1,2022-11-16,"Series A","United States",21,1
Kitopi,Dubai,Food,93,0.1,2022-11-21,"Series C","United States",804,1
Kitopi,"New York City",Food,124,NULL,2020-04-29,"Series B","United States",89,1
"Kitty Hawk","SF Bay Area",Aerospace,70,NULL,2020-06-03,Unknown,"United States",1,1
"Kitty Hawk","SF Bay Area",Aerospace,100,1,2022-09-21,Unknown,"United States",1,1
KiwiCo,"SF Bay Area",Retail,40,NULL,2022-06-07,Unknown,"United States",11,1
Klarna,Stockholm,Finance,100,NULL,2022-09-22,Unknown,Sweden,3700,1
Klarna,Stockholm,Finance,700,0.1,2022-05-23,Unknown,Sweden,3700,1
Klook,"Hong Kong",Travel,300,0.15,2020-04-20,"Series D","Hong Kong",521,1
Knock,"New York City","Real Estate",115,0.46,2022-03-15,Unknown,"United States",654,1
Knotel,"New York City","Real Estate",20,0.08,2020-10-29,"Series C","United States",560,1
Knotel,"New York City","Real Estate",127,0.3,2020-03-27,"Series C","United States",560,1
"Kodiak Robotics","SF Bay Area",Transportation,15,0.2,2020-04-15,"Series A","United States",40,1
Koho,Toronto,Finance,NULL,0.14,2023-02-08,"Series D",Canada,278,1
Koho,Toronto,Finance,15,0.04,2022-11-17,"Series D",Canada,278,1
Koinly,London,Crypto,16,0.14,2022-12-06,Unknown,"United Kingdom",NULL,1
KoinWorks,Jakarta,Finance,70,0.08,2022-11-04,Unknown,Indonesia,180,1
"Komodo Health","SF Bay Area",Healthcare,23,0.09,2020-04-20,"Series C","United States",50,1
"Komodo Health","SF Bay Area",Healthcare,78,0.09,2022-12-13,"Series E","United States",514,1
Konfio,"Mexico City",Finance,180,NULL,2022-09-23,"Series E","United States",706,1
Kongregate,"SF Bay Area",Media,12,NULL,2020-07-01,"Series C","United States",19,1
Kontist,Berlin,Finance,50,0.25,2022-05-25,"Series B",Germany,53,1
Koo,Bengaluru,Consumer,40,NULL,2022-08-31,"Series B",India,44,1
Kraken,"SF Bay Area",Crypto,1100,0.3,2022-11-30,Unknown,"United States",134,1
Kry,Stockholm,Healthcare,100,0.1,2022-05-17,"Series D",Sweden,568,1
Kry,Stockholm,Healthcare,300,0.1,2022-10-31,"Series D",Sweden,568,1
Kuda,Lagos,Finance,23,0.05,2022-09-02,"Series B",Nigeria,91,1
Kueski,Guadalajara,Finance,90,0.3,2020-04-20,"Series B",Mexico,38,1
Kune,Nairobi,Food,NULL,1,2022-06-23,Seed,Kenya,1,1
Kyruus,Boston,Healthcare,70,NULL,2023-02-05,Unknown,"United States",183,1
Labelbox,"SF Bay Area",Data,36,NULL,2022-08-08,"Series D","United States",188,1
Labster,Copenhagen,Education,40,NULL,2020-04-17,"Series B",Denmark,34,1
Lacework,"SF Bay Area",Security,300,0.2,2022-05-25,"Series D","United States",1900,1
"Ladder Life","SF Bay Area",Finance,13,0.25,2020-03-23,"Series C","United States",94,1
"Lam Research","SF Bay Area",Hardware,1300,0.07,2023-01-25,Post-IPO,"United States",NULL,1
"Lambda School","SF Bay Area",Education,19,NULL,2020-04-21,"Series B","United States",48,1
"Lambda School","SF Bay Area",Education,65,NULL,2021-04-29,"Series C","United States",122,1
Landing,Birmingham,"Real Estate",110,NULL,2022-10-06,"Series C","United States",347,1
Lantern,"Grand Rapids",Retail,NULL,1,2023-01-06,Seed,"United States",40,1
Lastline,"SF Bay Area",Security,50,0.4,2020-06-04,"Series C","United States",52,1
Latch,"New York City",Security,30,0.06,2022-05-10,Post-IPO,"United States",342,1
Latch,"New York City",Security,60,NULL,2020-04-02,"Series B","United States",152,1
Latch,"New York City",Security,115,0.37,2022-08-02,Post-IPO,"United States",342,1
Latch,"New York City",Security,130,0.28,2022-05-20,Post-IPO,"United States",342,1
Lattice,"SF Bay Area",HR,NULL,0.15,2023-01-12,"Series F","United States",328,1
Lattice,"SF Bay Area",HR,13,NULL,2022-10-27,"Series F","United States",328,1
Lattice,"SF Bay Area",HR,16,0.1,2020-05-15,"Series C","United States",49,1
Lawgeex,"Tel Aviv",Legal,30,0.33,2022-09-06,"Series C",Israel,41,1
Laybuy,Auckland,Finance,45,NULL,2022-07-28,Post-IPO,"New Zealand",130,1
"Le Tote","SF Bay Area",Retail,NULL,0.5,2020-04-01,"Series C","United States",62,1
LEAD,Mumbai,Education,60,NULL,2023-01-10,"Series E",India,190,1
LEAD,Mumbai,Education,80,0.04,2022-08-04,"Series E",India,166,1
LeafLink,"New York City",Other,80,0.31,2022-12-15,"Series C","United States",379,1
Leafly,Seattle,Retail,56,0.21,2022-10-18,Post-IPO,"United States",71,1
Leafly,Seattle,Retail,91,0.5,2020-03-23,Acquired,"United States",2,1
LearnUpon,Dublin,Education,27,0.09,2023-02-07,"Private Equity",Ireland,56,1
Legible,Vancouver,Media,23,0.38,2022-04-04,Post-IPO,Canada,3,1
Lemon,"Buenos Aires",Crypto,100,0.38,2022-11-24,"Series A",Argentina,17,1
Lemonade,"New York City",Finance,52,NULL,2022-04-20,Post-IPO,"United States",481,1
Lendi,Sydney,"Real Estate",100,NULL,2023-03-03,Unknown,Australia,59,1
"Lending Club","SF Bay Area",Finance,225,0.14,2023-01-12,Post-IPO,"United States",392,1
"Lending Club","SF Bay Area",Finance,460,0.3,2020-04-21,Post-IPO,"United States",392,1
Lendingkart,Ahmedabad,Finance,500,0.5,2020-05-15,Unknown,India,200,1
LendingTree,Charlotte,Finance,200,NULL,2022-11-03,Post-IPO,"United States",NULL,1
Lendis,Berlin,Other,NULL,0.5,2022-12-21,"Series A",Germany,90,1
Lendis,Berlin,Other,18,0.15,2022-07-04,"Series A",Germany,90,1
Lev,"New York City","Real Estate",30,0.3,2022-12-07,"Series B","United States",114,1
Lever,"SF Bay Area",Recruiting,86,0.4,2020-04-08,"Series C","United States",72,1
Lido,Mumbai,Education,150,NULL,2022-02-21,"Series A",India,24,1
"Lido Learning",Mumbai,Education,NULL,1,2022-09-09,"Series C",India,20,1
Life360,"SF Bay Area",Consumer,NULL,0.14,2023-01-12,Post-IPO,"United States",158,1
Liftoff,"SF Bay Area",Marketing,130,0.15,2022-11-09,Acquired,"United States",6,1
"Lighter Capital",Seattle,Finance,18,0.22,2020-04-24,"Series B","United States",15,1
"Lighter Capital",Seattle,Finance,22,0.49,2020-07-20,"Series B","United States",15,1
"Lighthouse Labs",Toronto,Education,14,0.07,2020-04-09,Unknown,Canada,NULL,1
Lightico,"Tel Aviv",Finance,20,NULL,2022-03-31,"Series B",Israel,42,1
Lightico,"Tel Aviv",Finance,20,0.25,2023-02-05,"Series B",Israel,42,1
Lightricks,Jerusalem,Consumer,80,0.12,2022-07-04,"Series D",Israel,335,1
"Lightspeed Commerce",Montreal,Retail,300,0.1,2023-01-17,Post-IPO,Canada,1200,1
Lime,"SF Bay Area",Transportation,80,0.13,2020-04-29,"Series D","United States",765,1
Limeade,Seattle,HR,NULL,0.15,2023-01-11,"Series C","United States",33,1
Limelight,"New York City",Recruiting,13,1,2021-02-04,Unknown,"United States",NULL,1
LinkedIn,"SF Bay Area",Recruiting,960,0.06,2020-07-21,Acquired,"United States",154,1
Linkfire,Copenhagen,Marketing,35,0.35,2022-10-11,Seed,Denmark,2,1
Linktree,Melbourne,Consumer,50,0.17,2022-08-09,Unknown,Australia,165,1
Lithic,"New York City",Finance,27,0.18,2022-12-07,"Series C","United States",115,1
"Liv Up","Sao Paulo",Food,100,0.15,2022-02-16,"Series D",Brazil,118,1
LivePerson,"New York City",Support,30,NULL,2020-11-01,Post-IPO,"United States",42,1
LivePerson,"New York City",Support,193,0.11,2022-09-15,Post-IPO,"United States",42,1
LiveRamp,"SF Bay Area",Marketing,NULL,0.1,2022-11-03,Post-IPO,"United States",16,1
LiveTiles,"New York City",Other,50,NULL,2020-05-03,Post-IPO,"United States",46,1
LiveVox,"SF Bay Area",Support,NULL,0.16,2023-01-17,Post-IPO,"United States",12,1
Livspace,Bengaluru,Retail,450,0.15,2020-05-19,"Series D",India,157,1
Locomation,Pittsburgh,Transportation,NULL,1,2023-02-22,Seed,"United States",57,1
Loft,"Sao Paulo","Real Estate",47,NULL,2020-03-27,"Series C",Brazil,263,1
Loft,"Sao Paulo","Real Estate",47,0.1,2020-04-17,"Series C",Brazil,263,1
Loft,"Sao Paulo","Real Estate",159,NULL,2022-04-19,Unknown,Brazil,788,1
Loft,"Sao Paulo","Real Estate",312,0.12,2022-12-07,Unknown,Brazil,788,1
Loft,"Sao Paulo","Real Estate",340,0.15,2023-03-03,Unknown,Brazil,788,1
Loft,"Sao Paulo","Real Estate",384,0.12,2022-07-05,Unknown,Brazil,788,1
Loftium,Seattle,"Real Estate",32,0.6,2020-05-29,"Series A","United States",17,1
Loftsmart,"New York City","Real Estate",25,0.75,2020-03-30,"Series A","United States",18,1
Loggi,"Sao Paulo",Logistics,300,0.07,2023-02-06,"Series F",Brazil,507,1
Loggi,"Sao Paulo",Logistics,500,0.15,2022-08-08,"Series F",Brazil,507,1
"Loja Integrada","Sao Paulo",Retail,25,0.1,2022-08-25,Acquired,Brazil,NULL,1
Lokalise,Dover,Other,76,0.23,2022-11-16,"Series B","United States",56,1
Lola,Boston,Travel,34,NULL,2020-03-19,"Series C","United States",81,1
Loom,"SF Bay Area",Product,23,0.11,2022-10-20,"Series C","United States",203,1
